Transaction  #,Transaction Date,Transaction Month,Transaction Year,SKU  #,Style  #,Description,Vendor Model,Vendor Name,Qty,Inventory Cost,Sales Amount,Disc Amt,Total,Store,Department,Design,Class,Sub-Class,
HE-10001349,6/29/2026,6,2026,231624S,MV067-SL,"SILVER""LAB-GROWN"" DIAMOND ULTIMATE VALUE CUBAN BRACELET",MV067-SL,VSU,1,444,"1,238.76",0,"1,238.76",VJ-HEND,MENS BRCLT,NOVELLO,UV,CUBAN,
SR-10291292,7/1/2026,7,2026,230212S,MHS00039R-EMERALD,SILVER LABGROWN DIAMOND LOVE-SPELL 1.00CT EMERALD HALO RING,MHS00039R-EMERALD,MHVR,1,51,363.64,0,363.64,VJ-S.ROSA,B,LOVE,EMERALD,BIRTHSTONE,
VV-10292136,6/29/2026,6,2026,228334,1TNDC233825A001,"SS""LINKNLOCK"" BLACK CZ CROSS PENDANT",1TNDC233825A001,KRMA,1,13,79,0,79,VJ-VIS,SS PNDTS,LINKNLOCK,-,CROSS,
VV-10292136,6/29/2026,6,2026,235345S,MPD21500925-A,SILVER LABGROWN DIAMOND ENAMEL ANIMAL SHIELD PENDANT WITH CHAIN,MPD21500925,MHVR,1,304,"5,499.00","4,195.51","1,303.49",VJ-VIS,PENDANT,NOVELLO,,SPORTS,
SO-10290956,6/29/2026,6,2026,187352,11-5982WNC8-G-8,TRITON TUNGSTEN BAND,11-5982WNC8-G,FD,1,150,750,200,550,VJ-SOLANO,TRITON,,,8.5,
VB-10291237,7/1/2026,7,2026,190719,CO-EH-0004-I7814,14KT DOUBLE VISION HOOPS,CO-EH-0004-I7814,HRSH,1,500,"5,499.00","4,601.15",897.85,VJ-BAKER,EARRINGS,,14KT,HOOPS,
VB-10291237,7/1/2026,7,2026,130746WY,CO-R15669-1,14KT DESIGNER BRIDAL RING,CO-R15669,PNT,1,536,"5,999.00","5,049.27",949.73,VJ-BAKER,LADYS RING,,14KT,7,
VM-10293037,7/1/2026,7,2026,233590Y,JMR058328G4WXENS9-5,"10KT""NOVELLO-COLLECTION""  LABGROWN DIAMOND COMPOSITE RING",JMR058328G4WXENS9,KMA,1,"1,108.00","12,995.00","8,995.01","3,999.99",VJ-MOD,LADYS RING,NOVELLO,10KT,COMPOSITE,
ON-10292073,6/29/2026,6,2026,175794,R16226DW,"14KT""OVANI-COLLECTION""  ENHANCER",R16226DW,GS,1,260,"3,199.00","2,601.30",597.7,VJ-ONT,LADYS RING,DIANI,CHEVRON,,
HE-10001350,6/30/2026,6,2026,042429607583,96K117,BULOVA WATCH,96K117,BULOVA,1,688.75,"1,450.00",145,"1,305.00",VJ-HEND,BULOVA,WATCH,MENS,,
VM-10293027,6/30/2026,6,2026,220133Y,JR144613HG4WXN0Q4-11,"14KT""NOVELLO-COLLECTION""  IGI CERT LABGROWN DIAMOND EMERALD BRIDAL RING",JR144613HG4WXN0Q4,KMA,1,615,"11,995.00","9,168.94","2,826.06",VJ-MOD,LADYS RING,NOVELLO,14KT,7,
SL-10294131,6/30/2026,6,2026,215565,REL170051W,"10KT""BELLA.BY.OVANI""  LABGROWN DIAMOND CROSS RING",REL170051W,PNT,1,252,"2,899.00","2,170.19",728.81,DE-SOUTH,LADYS RING,BELLA OVAN,10KT,CROSS,
SL-10294131,6/30/2026,6,2026,7.31903E+11,YA1264034A,GUCCI WATCH,YA1264034A,GUCCI GROUP WATCHES.,1,753,"1,370.00",411,959,DE-SOUTH,GUCCI,WATCH,MENS,,
LO-10002287,6/30/2026,6,2026,223515Y,JR1496950G4WXENQ4-10,"14KT""NOVELLO-COLLECTION""  IGI CERT  LABGROWN DIAMOND MARQUISE BAGUETTE BRIDAL RING",JR1496950G4WXENQ4,KMA,1,"1,510.00","21,995.00","16,914.17","5,080.83",VJ-LONG,LADYS RING,NOVELLO,14KT,7,
SO-10290958,6/29/2026,6,2026,206534Y,SFBRDL063-1,"14KT""NOVELLO-COLLECTION""  LABGROWN DIAMOND QUAD BRIDAL SET",SFBRDL063,SNFLR,1,975,"10,995.00","8,783.59","2,211.41",VJ-SOLANO,LADYS RING,NOVELLO,14KT,7,
VF-10292708,7/1/2026,7,2026,236948,MV171W-3,"14KT""OVANI-COLLECTION""  IGI CERT LABGROWN DIAMOND HIDDEN HALO RADIANT BRIDAL SET",MV171W,VSU,1,"1,482.00","20,995.00","13,843.27","7,151.73",VJ-FRE,LADYS RING,OVANI,14KT,7,
PB-10291440,6/29/2026,6,2026,163508,KKP5956-15-1,14KT ROSE-GOLD FRANCO CHAIN (NO WARRANTY),KKP5956-15,KGS,1,213,"1,065.00",490,575,VJ-PB,GOLD CHAIN,GOLD JEWL,14KT,20,
VO-10292184,6/30/2026,6,2026,216238,JHE781-55FW70-3,"14KT""LABGROWN DIAMOND""  ENHANCER RING",JHE781-55FW70,JLX,1,247,"2,999.00","2,300.00",699,VJ-OAK,LADYS RING,NOVELLO,ENHANCER,7,
VI-10292532,6/29/2026,6,2026,042429590939,96A285,BULOVA OCTAVA WATCH,96A285,BULOVA,1,274,575,170.45,404.55,VJ-VICTOR,BULOVA,WATCH,MENS,BATTERY,
VI-10292532,6/29/2026,6,2026,042429561458,96C134,BULOVA WATCH,96C134,BULOVA,1,308.75,650,161.15,488.85,VJ-VICTOR,BULOVA,WATCH,MENS,BATTERY,
VM-10293030,7/1/2026,7,2026,217612,R12161643,RADO WATCH,R12161643,SWATCH GROUP RADO,1,"1,210.00","2,200.00",454.96,"1,745.04",VJ-MOD,RADO,WATCH,MENS,AUTOMATIC,
VI-10292530,6/29/2026,6,2026,222313Y,EVRR-0447VA34Y4-1,"14KT""LABGROWN DIAMOND""  TRIO SET",EVRR-0447VA34Y4,HRSH,1,"1,383.00","15,499.00","12,970.26","2,528.74",VJ-VICTOR,TRIO,NOVELLO,14KT,,
GM-10292981,7/1/2026,7,2026,219637Y,P233025W-4,"10KT""BELLA.BY.OVANI"" LABGROWN DIAMOND CROSS PENDANT",P233025W,PNT,1,161,"2,150.00",0,"2,150.00",DBC-GM,PENDANT,BELLA OVAN,10KT,CROSS,
SO-10290963,6/30/2026,6,2026,237326Y,EVEBS100VK5W0-1,"10KT""UV-NOVELLO"" LABGROWN DIAMOND RBC SOLITIARE STUDS",EVEBS100VK5W0,HRSH,1,160,"1,899.00","1,340.35",558.65,VJ-SOLANO,EARRINGS,NOVELLO,SOL STUDS,1.00 CARAT,
SO-10290963,6/30/2026,6,2026,212881,NL239041W,"14KT""NOVELLO-COLLECTION""  LABGROWN DIAMOND PAPERCLIP NECKLACE",NL239041W,PNT,1,167,"1,899.00","1,308.29",590.71,VJ-SOLANO,FANCY NECK,NOVELLO,14KT,,
SO-10290963,6/30/2026,6,2026,225877Y,EVPF-8814VXA34W4-26,"14KT""BELLA.BY.OVANI"" IGI CERT LABGROWN DIAMOND ROUND SOLITIARE PENDANT",EVPF-8814VXA34W4,HRSH,1,865,"9,995.00","7,090.60","2,904.40",VJ-SOLANO,FANCY NECK,BELLA OVAN,14KT,,
SO-10290963,6/30/2026,6,2026,215600,RL244057W,"14KT""LABGROWN DIAMOND""  ENHANCER",RL244057W,PNT,1,31,"6,599.00","4,683.99","1,915.01",VJ-SOLANO,LADYS RING,NOVELLO,14KT,7,
SO-10290963,6/30/2026,6,2026,184230,JGVI000043-1-2,14KT YELLOW GOLD CURB ID BRACELET (NO WARRANTY),JGVI000043-1,KGS,1,258,"1,290.00",645,645,VJ-SOLANO,GOLD ID,GOLD JEWL,14KT,6,
SO-10290957,6/29/2026,6,2026,239191,MRF05001341,"10KT""LABGROWN DIAMOND""  RBC CHANNEL MENS BAND",MRF05001341,MHVR,1,569,"4,799.00","3,699.00","1,100.00",VJ-SOLANO,GENTS RING,NOVELLO,10KT,10,
SO-10290955,6/29/2026,6,2026,236266-7.5,PSL-244,10KT YELLOW-GOLD HEART CHARM ID BRACELET ( NO WARRANTY ),PSL-244,TRCO,1,143,715,215,500,VJ-SOLANO,GOLD ID,GOLD JEWL,10KT,7.5,
AT-10290421,6/29/2026,6,2026,231622S,MV066-SL,"SILVER""LAB-GROWN"" DIAMOND ULTIMATE VALUE HOOPS",MV066-SL,VSU,1,126,299.55,0,299.55,VJ-S.ANITA,EARRINGS,NOVELLO,UV,HOOPS,
RE-10292289,6/30/2026,6,2026,228334,1TNDC233825A001,"SS""LINKNLOCK"" BLACK CZ CROSS PENDANT",1TNDC233825A001,KRMA,1,13,179,0,179,VJ-RENO,SS PNDTS,LINKNLOCK,-,CROSS,
SL-10294123,6/29/2026,6,2026,197937-9,KKP5419-2-11,14KT YELLOW-GOLD PAVE CURB BRACELET,KKP5419-2,KGS,1,627,"3,135.00","1,435.00","1,700.00",DE-SOUTH,GOLD ID,GOLD JEWL,14KT,9,
VB-10291238,7/1/2026,7,2026,204016-26,762-20005-2,14KT YELLOW-GOLD DIAMOND ROSARY,762-20005,SFCO,1,"2,562.00","28,499.00","25,127.18","3,371.82",VJ-BAKER,FANCY NECK,GOLD JEWL,14KT,26,
VS-10291877,6/29/2026,6,2026,228029S,MBR01500344,SILVER LABGROWN DIAMOND LOVE-SPELL CURB BRACELET,MBR01500344,MHVR,1,43,319,0,319,VJ-SERRA,LADYS BRCL,LOVE,"""--""",7,
IN-10291068,7/1/2026,7,2026,196349Y,P224150W025-2,10KT HEART DIAMOND PENDANT,P224150W025,PNT,1,147,"1,799.00","1,432.10",366.9,VJ-INLND,PENDANT,,10KT,HEART,
VS-10291881,6/30/2026,6,2026,210084-18,PEARL-SILVER-6-7MM,"SILVER ""LOVE-SPELL"" 6-7MM-ROUND FRESHWATER PEARL NECKLACE (NO WARRANTY)",PEARL-SILVER-6-7MM,ENS,1,26,115,0,115,VJ-SERRA,BP,LOVE,PEARL,BIRTHSTONE,
VM-10293034,7/1/2026,7,2026,233319,EVRE-18435VXA34W4-36,"14KT""NOVELLO-COLLECTION""  IGI CERT LABGROWN DIAMOND PEAR HALO BRIDAL RING",EVRE-18435VXA34W4,HRSH,1,"1,019.00","12,995.00","10,423.36","2,571.64",VJ-MOD,LADYS RING,NOVELLO,14KT,7,
VO-10292190,7/1/2026,7,2026,233522Y,RE2737YR-2,14KT”AANIKA.V”  RUBY 0.60CT CLOVER STUDS EARRINGS,RE2737YR,RCN,1,340,"3,799.00","3,100.00",699,VJ-OAK,BE,AANIKA.V,RUBY,BIRTHSTONE,
PB-10291443,6/30/2026,6,2026,229715,ORAG38620,SILVER LOVE-SPELL HOOPS EARRINGS ( NO WARRANTY ),ORAG38620,LGTS,1,17,68,0,68,VJ-PB,SILVER ERG,LOVE,,20,
PB-10291443,6/30/2026,6,2026,228955S,MBR25000329,SILVER LABGROWN DIAMOND LINKNLOCK CUBAN BRACELET,MBR25000329,MHVR,1,283,"1,389.00",417,972,VJ-PB,MENS BRCLT,LINKNLOCK,,CUBAN,
VB-10291235,6/29/2026,6,2026,195495,665-00056-30MM,14KT YELLOW-GOLD FANCY HOOPS (NO WARRANTY),665-00056-30MM,SFCO,1,246,"1,230.00",768.11,461.89,VJ-BAKER,GOLD HOOPS,GOLD JEWL,14KT,HOOPS,
ON-10292075,6/29/2026,6,2026,178406R,MER15000069-2,14KT FLOWER STYLE EARRINGS,MER15000069,MHVR,1,549,"6,999.00","5,620.61","1,378.39",VJ-ONT,EARRINGS,,,FLOWER,
DB-10000004,6/30/2026,6,2026,216490,TR-932,TUNGSTEN BAND 8MM,TR-932,JD,1,12,299,200,99,VJ-DEER,TUNGS BAND,,,8,
SO-10290962,6/30/2026,6,2026,231038,JPO069610,"10KT""NOVELLO-COLLECTION"" LABGROWN DIAMOND ROUND SOLITAIRE PENDANT",JPO069610,KMA,1,231,"2,599.00","1,809.00",790,VJ-SOLANO,PENDANT,NOVELLO,SOL PNDT,,
ON-10292074,6/29/2026,6,2026,232151,EVBT-2414VA44W0,"10KT""NOVELLO-COLLECTION""  LABGROWN DIAMOND TENNIS BRACELET",EVBT-2414VA44W0,HRSH,1,663,"7,499.00","5,999.00","1,500.00",VJ-ONT,LADYS BRCL,NOVELLO,TENNIS,7,
SL-10294121,6/29/2026,6,2026,233959Y,LG-RG3013Y,"14KT""NOVELLO-COLLECTION"" IGI CERT LABGROWN DIAMOND PRINCESS BRIDAL RING",LG-RG3013Y,SAF,1,969,"12,995.00","8,931.79","4,063.21",DE-SOUTH,LADYS RING,NOVELLO,14KT,7,
GM-10292975,6/29/2026,6,2026,8.85997E+11,2600142,MOVADO WATCH,2600142,MOVADO,1,777.4,"1,395.00",62.27,"1,332.73",DBC-GM,MOVADO,WATCH,MENS,BATTERY,
RE-10292290,7/1/2026,7,2026,208973Y,P224037W020-4,"10KT""NOVELLO-COLLECTION""  LABGROWN DIAMOND INITIAL ""M""  PENDANT",P224037W020,PNT,1,178,"2,099.00","1,437.19",661.81,VJ-RENO,PENDANT,NOVELLO,10KT,INITIAL,
VS-10291885,7/1/2026,7,2026,221723,221723,"14KT""NOVELLO-COLLECTION""  IGI CERT LABGROWN DIAMOND SOLITAIRE RING",LGE+PEA2.00,KRA,1,503,"10,995.00","8,495.01","2,499.99",VJ-SERRA,LADYS RING,NOVELLO,SOL RING,2.00 CARAT,
VS-10291885,7/1/2026,7,2026,216215,RPAB1/4-16,"14KT""LABGROWN DIAMOND""  ROUND-PRONG ANNIVERSARY BAND",RPAB1/4,JLX,1,259,"2,899.00","2,399.01",499.99,VJ-SERRA,LADYS RING,NOVELLO,AB,7,
NO-10001210,6/29/2026,6,2026,153821W,RCAB1/2-20,14KT ROUND-CHANNEL ANNIVERSARY BAND,RCAB1/2,JLX,1,624,"6,899.00","5,167.79","1,731.21",VJ-NORTH,LADYS RING,,AB,7,
NO-10001210,6/29/2026,6,2026,SLCF15014KW12,SLCF15014KW12,"14KT""BENCHMARK""  SUPER LIGHT GOLD BAND 5MM",SLCF15014KW12,BENCHMARK,1,484,"2,178.00","1,175.72","1,002.28",VJ-NORTH,GOLD BANDS,PLAIN,14KT,12,
VF-10292703,6/30/2026,6,2026,218089Y,EVYEH-0004VA44W4-1,"14KT""LABGROWN DIAMOND""  DANGLING EARRINGS",EVYEH-0004VA44W4,HRSH,1,369,"4,399.00","3,499.00",900,VJ-FRE,EARRINGS,NOVELLO,14KT,,
VF-10292703,6/30/2026,6,2026,235164Y,MV137W-11,"14KT""OVANI-COLLECTION""  IGI CERT LABGROWN DIAMOND OVAL AND PEAR BRIDAL RING",MV137W,VSU,1,902,"11,995.00","9,585.34","2,409.66",VJ-FRE,LADYS RING,OVANI,14KT,7,
IN-10291064,6/29/2026,6,2026,231040Y,JMR096310-1,"10KT""NOVELLO-COLLECTION"" LABGROWN DIAMOND 2ROW MENS BAND",JMR096310,KMA,1,434,"4,899.00","3,899.00","1,000.00",VJ-INLND,GENTS RING,NOVELLO,10KT,10,
IN-10291064,6/29/2026,6,2026,207876,SFRG172,"10KT""UV-NOVELLO""  LABGROWN DIAMOND RBC BRIDAL RING",SFRG172,SNFLR,1,400,"4,499.00","3,499.00","1,000.00",VJ-INLND,LADYS RING,NOVELLO,UV,7,
NO-10001211,6/29/2026,6,2026,228473-8.5,1TBGN251656A001,"SS""LINKNLOCK"" MIAMI CUBAN BRACELET",1TBGN251656A001,KRMA,1,13,79,0.64,78.36,VJ-NORTH,SS BRCL,LINKNLOCK,-,CUBAN,
VI-10292534,6/30/2026,6,2026,198971-26,UKPB000068-6-5,14KT YELLOW-GOLD D/C HLW ROPE CHAIN,UKPB000068-6,KGS,1,"2,038.00","10,190.00","9,034.00","1,156.00",VJ-VICTOR,GOLD CHAIN,GOLD JEWL,14KT,26,
PA-10001353,7/1/2026,7,2026,231622S,MV066-SL,"SILVER""LAB-GROWN"" DIAMOND ULTIMATE VALUE HOOPS",MV066-SL,VSU,1,126,299,0,299,VJ-PALM,EARRINGS,NOVELLO,UV,HOOPS,
VI-10292539,7/1/2026,7,2026,208954,P224036W020-3,"10KT""LABGROWN DIAMOND""  INITIAL ""L""  PENDANT",P224036W020,PNT,1,168,"1,899.00","1,329.30",569.7,VJ-VICTOR,PENDANT,NOVELLO,10KT,INITIAL,
VL-10291016,6/30/2026,6,2026,207490,R30008742,RADO WATCH,R30008742,SWATCH GROUP RADO,1,"1,650.00","3,000.00",600,"2,400.00",VJ-LIV,RADO,WATCH,MENS,AUTOMATIC,
VS-10291880,6/30/2026,6,2026,238843Y,ANAF0527,"10KT""ETERNAL VOW""  LABGROWN DIAMOND OVAL PROMISE RING",ANAF0527,INFN,1,86,"1,199.00",816.75,382.25,VJ-SERRA,LADYS RING,,10KT,7,
VB-10291236,6/29/2026,6,2026,236934Y,MV207W-9,"14KT""OVANI-COLLECTION""  IGI CERT LABGROWN DIAMOND HIDDEN HALO RADIANT BRIDAL SET",MV207W,VSU,1,"1,854.00","26,995.00","18,896.50","8,098.50",VJ-BAKER,LADYS RING,OVANI,14KT,7,
ST-10292308,6/30/2026,6,2026,225397,139-04540,"14KT""OROVENTI"" YELLOW-GOLD BANGLE (NO WARRANTY)",139-04540,SFCO,1,560,"1,819.00",0,"1,819.00",DBC-STOCK,GOLD BANGL,OROVENTI,14KT,,
VV-10292144,7/1/2026,7,2026,6.91464E+11,MK8295,MICHAEL KORS,MK8295,MICHAEL KORS WATCHES,1,125,250,84.1,165.9,VJ-VIS,MICHAEL KO,WATCH,MENS,,
DB-10000002,6/30/2026,6,2026,227617V,MPD01001270-1,SILVER LABGROWN DIAMOND LOVE-SPELL VERMEIL INITIAL HEART PENDANT (NO WARRANTY),MPD01001270,MHVR,1,54,249,50,199,VJ-DEER,PENDANT,LOVE,"""--""",HEART,
VM-10293025,6/30/2026,6,2026,238892,238892,"14KT""NOVELLO-COLLECTION""  IGI CERT LABGROWN DIAMOND SOLITAIRE RING",LGE+PEA3.00,KRA,1,622,"12,995.00","9,495.00","3,500.00",VJ-MOD,LADYS RING,NOVELLO,SOL RING,3.00 CARAT,
DB-10000006,7/1/2026,7,2026,234573Y,TL253025W-1,"10KT""BELLA.BY.OVANI""  LABGROWN DIAMOND MARQUISE TENNIS BRACELET",TL253025W,PNT,1,600,"7,499.00","4,700.00","2,799.00",VJ-DEER,LADYS BRCL,BELLA OVAN,10KT,7.25,
DB-10000006,7/1/2026,7,2026,238939,238939,"14KT""NOVELLO-COLLECTION""  IGI CERT LABGROWN DIAMOND SOLITAIRE RING",LGE+MAR3.00,KRA,1,643,"12,995.00","10,196.00","2,799.00",VJ-DEER,LADYS RING,NOVELLO,SOL RING,3.00 CARAT,
SL-10294130,6/30/2026,6,2026,211435-26,UKPN100028-4,14KT YELLOW-GOLD D/C HLW ROPE CHAIN (NO WARRANTY),UKPN100028,KGS,1,448,"2,240.00","1,156.48","1,083.52",DE-SOUTH,GOLD CHAIN,GOLD JEWL,14KT,26,
IN-10291065,6/29/2026,6,2026,223063,EVEP015VK5W-6,"14KT""UV-NOVELLO"" LABGROWN DIAMOND PC SOLITIARE STUDS",EVEP015VK5W,HRSH,1,86,949,765.09,183.91,VJ-INLND,EARRINGS,NOVELLO,SOL STUDS,0.50 LESS,
PB-10291442,6/30/2026,6,2026,240443Y,EVBT-2414VA44Y0-8A,"10KT""NOVELLO-COLLECTION""  LABGROWN DIAMOND TENNIS BRACELET",EVBT-2414VA44Y0-8A,HRSH,1,693,"11,995.00","9,195.00","2,800.00",VJ-PB,LADYS BRCL,NOVELLO,10KT,8,
SL-10294136,7/1/2026,7,2026,153811Y,RPAB1/4-14,14KT ROUND-PRONG ANNIVERSARY BAND,RPAB1/4,JLX,1,323,"3,599.00","2,549.35","1,049.65",DE-SOUTH,LADYS RING,,AB,7,
SL-10294136,7/1/2026,7,2026,14010KY12,14010KY12,"10KT ""BENCHMARK"" GOLD BAND 4MM TRADITIONAL OVAL",14010KY12,BENCHMARK,1,279,"1,256.00",362.25,893.75,DE-SOUTH,GOLD BANDS,PLAIN,10KT,12,
VO-10292185,6/30/2026,6,2026,225385-24,GR 120 6L-3,"SILVER ""LINKNLOCK"" CURB CHAIN",GR 120 6L,COAR,1,97,388,38,350,VJ-OAK,SLVR CHAIN,LINKNLOCK,-,24,
CH-10002289,7/1/2026,7,2026,228546,ER-LGE+RBC2.00-184,"14KT""NOVELLO-COLLECTION""  IGI CERT LABGROWN DIAMOND RBC SOLITAIRE STUDS",ER-LGE+RBC2.00,KRA,1,431,"6,995.00","5,595.00","1,400.00",VJ-CHAND,EARRINGS,NOVELLO,SOL STUDS,2.00 CARAT,
GM-10292978,6/30/2026,6,2026,233080Y,JR149830FG4WXENQ4-4,"10KT""BELLA.BY.OVANI"" LABGROWN DIAMOND ROUND BRIDAL RING",JR149830FG4WXENQ4,KMA,1,156,"1,899.00","1,260.81",638.19,DBC-GM,LADYS RING,BELLA OVAN,10KT,7,
PA-10001355,7/1/2026,7,2026,237326Y,EVEBS100VK5W0-1,"10KT""UV-NOVELLO"" LABGROWN DIAMOND RBC SOLITIARE STUDS",EVEBS100VK5W0,HRSH,1,160,"1,899.00","1,539.45",359.55,VJ-PALM,EARRINGS,NOVELLO,SOL STUDS,1.00 CARAT,
PB-10291441,6/29/2026,6,2026,226557Y,EVRE-23409VXA34W4-11,"14KT""NOVELLO-COLLECTION""  IGI CERT LABGROWN DIAMOND OVAL BRIDAL RING",EVRE-23409VXA34W4,HRSH,1,"1,130.00","15,995.00","12,425.00","3,570.00",VJ-PB,LADYS RING,NOVELLO,14KT,7,
VM-10293023,6/29/2026,6,2026,234400V-5,MV107-SL-1,SILVER LABGROWN DIAMOND LOVE-SPELL VERMEIL PLATED  INFINITY KNOT BAND ( NO WARRANTY ),MV107-SL,VSU,1,91,299,0,299,VJ-MOD,LADYS RING,LOVE,BAND,INFINITY,
VM-10293023,6/29/2026,6,2026,229905V,MHS00029R-P SAPPHIRE-1,SILVER LABGROWN DIAMOND LOVE-SPELL VERMEIL PLATED 1.00CT PINK SAPPHIRE HALO RING (NO WARRANTY),MHS00029R-P SAPPHIRE,MHVR,1,42,189,0,189,VJ-MOD,B,LOVE,P SAPPHIRE,BIRTHSTONE,
VS-10291882,7/1/2026,7,2026,232777,LT2-123,10KT TRICOLOR-GOLD CZ CRUCUFIX CROSS PENDANT ( NO WARRANTY ),LT2-123,TRCO,1,81,405,206,199,VJ-SERRA,GOLD PNDTS,GOLD JEWL,10KT,CROSS,
VS-10291882,7/1/2026,7,2026,237361-16,ST020,"10KT ""ULTIMATE VALUE"" YELLOW-GOLD D/C SINGAPORE CHAIN (NO WARRANTY)",ST020,OX,1,77,139,0,139,VJ-SERRA,GOLD CHAIN,GOLD JEWL,UV,16,
AR-10291941,7/1/2026,7,2026,183844,R200423W-75,"14KT""NOVELLO-COLLECTION""  LABGROWN DIAMOND PEAR SHAPE HALO RING",R200423W-75,PNT,1,808,"9,999.00","7,395.82","2,603.18",VJ-ARDN,LADYS RING,NOVELLO,,7,
IN-10291067,6/30/2026,6,2026,231050,JRO395330,"10KT""NOVELLO-COLLECTION"" LABGROWN DIAMOND RADIANT SOLITAIRE RING",JRO395330,KMA,1,444,"4,499.00","3,299.00","1,200.00",VJ-INLND,LADYS RING,NOVELLO,SOL RING,7,
AR-10291934,6/29/2026,6,2026,216373,JNB3088-55FW70-3,"14KT""LABGROWN DIAMOND""  ENHANCER RING",JNB3088-55FW70,JLX,1,173,"2,299.00","1,770.26",528.74,VJ-ARDN,LADYS RING,NOVELLO,CHEVRON,7,
VF-10292709,7/1/2026,7,2026,207490,R30008742,RADO WATCH,R30008742,SWATCH GROUP RADO,1,"1,650.00","3,000.00",540,"2,460.00",VJ-FRE,RADO,WATCH,MENS,AUTOMATIC,
VF-10292709,7/1/2026,7,2026,183556Y,RU230263-2,"18KT""OVANI-COLLECTION""  CZ CNTR SEMIMOUNT",RU230263,GM,1,500,"5,999.00","4,499.25","1,499.75",VJ-FRE,LADYS RING,OVANI,SEMIMOUNT,,
VM-10293029,6/30/2026,6,2026,217607,R12161653,RADO WATCH,R12161653,SWATCH GROUP RADO,1,"1,210.00","2,200.00",200,"2,000.00",VJ-MOD,RADO,WATCH,MENS,AUTOMATIC,
VV-10292137,6/29/2026,6,2026,224978Y,EVRB-12248VXA34W4-10,"14KT""NOVELLO-COLLECTION""  IGI CERT LABGROWN DIAMOND MARQUISE BRIDAL SET",EVRB-12248VXA34W4,HRSH,1,"1,316.00","14,995.00","11,769.19","3,225.81",VJ-VIS,LADYS RING,NOVELLO,14KT,7,
VF-10292705,6/30/2026,6,2026,0608067,0608067,MOVADO MUSEUM CLASSIC,0608067,MOVADO,1,"1,040.00","1,995.00",624.44,"1,370.56",VJ-FRE,MOVADO,WATCH,WOMEN,BATTERY,
VR-102291058,6/29/2026,6,2026,228380-24,1TN0W242269A001,"SS""LINKNLOCK"" CUBAN CHAIN",1TN0W242269A001,KRMA,1,15,89,0,89,VJ-ROSE,SS CHAIN,LINKNLOCK,-,CUBAN,
VR-102291058,6/29/2026,6,2026,228381-24,1TN0G242269A001,"SS""LINKNLOCK"" CUBAN CHAIN",1TN0G242269A001,KRMA,1,18,99,0,99,VJ-ROSE,SS CHAIN,LINKNLOCK,-,CUBAN,
VO-10292191,7/1/2026,7,2026,153940,TR-132-11,"TUNGSTEN CARBIDE  BAND 8MM ""NO WARRANTY ON COLOR""",TR-132,JD,1,16,299,57.18,241.82,VJ-OAK,TUNGS BAND,,,11,
SL-10294124,6/29/2026,6,2026,227603S,CO-MPD02001257,SILVER LABGROWN DIAMOND LOVE-SPELL  CLADDAGH HEART PENDANT,CO-MPD02001257,MHVR,1,47,229,0,229,DE-SOUTH,PENDANT,LOVE,"""--""",,
AR-10291938,6/29/2026,6,2026,232772,LT22-03,10KT YELLOW-GOLD CZ VIRGIN MARY PENDANT ( NO WARRANTY ),LT22-03,TRCO,1,65,325,164,161,VJ-ARDN,GOLD PNDTS,GOLD JEWL,10KT,,
AR-10291938,6/29/2026,6,2026,191666,UKHI000114-2-5,14KT YELLOW-GOLD HLW FLAT CURB CHAIN (NO WARRANTY),UKHI000114-2,KGS,1,414,"2,070.00","1,036.52","1,033.48",VJ-ARDN,GOLD CHAIN,GOLD JEWL,14KT,16,
SL-10294133,7/1/2026,7,2026,216266Y,JHN2905-55FW70-3,"14KT""LABGROWN DIAMOND""  ENHANCER RING",JHN2905-55FW70,JLX,1,605,"7,499.00","5,151.37","2,347.63",DE-SOUTH,LADYS RING,NOVELLO,ENHANCER,7,
VM-10293028,6/30/2026,6,2026,163469Y,BBU12-EARRINGS-1,"14KT""NOVELLO-COLLECTION""  CNTR LABGROWN DIAMOND EARRINGS",BBU12-EARRINGS,BG,1,532,"5,999.00","4,319.28","1,679.72",VJ-MOD,EARRINGS,NOVELLO,,,
VM-10293028,6/30/2026,6,2026,163466Y,BBU12,"14KT""NOVELLO-COLLECTION'  CNTR LAB GROWN PENDANT",BBU12,BG,1,423,"4,999.00","3,599.28","1,399.72",VJ-MOD,PENDANT,NOVELLO,,,
IN-10291066,6/29/2026,6,2026,174477,JBPI000007-2,14KY LOBSTER-LOCK W/ JUMP RING CLASP,JBPI000007-2,QUALITY GOLD,1,281,845,478.1,366.9,VJ-INLND,TRAY,,,,
VO-10292187,6/30/2026,6,2026,231388,RRR1936WS,14KT”AANIKA.V”  B. SAPPHIRE 0.60CT DOUBLE HALO RING,RRR1936WS,RCN,1,634,"7,699.00","5,636.99","2,062.01",VJ-OAK,B,AANIKA.V,B SAPPHIRE,BIRTHSTONE,
LO-10002294,7/1/2026,7,2026,227657S,MER03300699,SILVER LABGROWN DIAMOND LOVE-SPELL  2-ROW HOOPS EARRINGS,MER03300699,MHVR,1,35,199,18.63,180.37,VJ-LONG,EARRINGS,LOVE,"""--""",HOOPS,
LO-10002294,7/1/2026,7,2026,208936WR,P213011WP010-4,"10KT""NOVELLO-COLLECTION""  LABGROWN DIAMOND BUTTERFLY HEART PENDANT",P213011WP010,PNT,1,119,"1,399.00","1,099.00",300,VJ-LONG,PENDANT,NOVELLO,10KT,HEART,
FA-10291273,6/29/2026,6,2026,231624S,MV067-SL,"SILVER""LAB-GROWN"" DIAMOND ULTIMATE VALUE CUBAN BRACELET",MV067-SL,VSU,1,444,999,0,999,VJ-VAL,MENS BRCLT,NOVELLO,UV,CUBAN,
CH-10002288,6/29/2026,6,2026,228384-9,1TB0W242269A001,"SS""LINKNLOCK"" CUBAN CHAIN",1TB0W242269A001,KRMA,1,12,69,0,69,VJ-CHAND,SS BRCL,LINKNLOCK,-,CUBAN,
PA-10001352,7/1/2026,7,2026,228383-26,1TN0G242269B001,"SS""LINKNLOCK"" CUBAN CHAIN",1TN0G242269B001,KRMA,1,18,99,0,99,VJ-PALM,SS CHAIN,LINKNLOCK,-,CUBAN,
HE-10001352,6/30/2026,6,2026,228334,1TNDC233825A001,"SS""LINKNLOCK"" BLACK CZ CROSS PENDANT",1TNDC233825A001,KRMA,1,13,79,0,79,VJ-HEND,SS PNDTS,LINKNLOCK,-,CROSS,
SO-10290960,6/29/2026,6,2026,14010KY12,14010KY12,"10KT ""BENCHMARK"" GOLD BAND 4MM TRADITIONAL OVAL",14010KY12,BENCHMARK,1,279,"1,256.00",0,"1,256.00",VJ-SOLANO,GOLD BANDS,PLAIN,10KT,12,
SO-10290960,6/29/2026,6,2026,14010KY10,14010KY10,"10KT ""BENCHMARK"" GOLD BAND 4MM TRADITIONAL OVAL",14010KY10,BENCHMARK,1,259,"1,166.00",0,"1,166.00",VJ-SOLANO,GOLD BANDS,PLAIN,10KT,10,
NO-10001214,7/1/2026,7,2026,238343V,MPD03301400-1,SILVER LABGROWN DIAMOND LOVE-SPELL VERMEIL HEART NECKLACE ( NO WARRANTY ),MPD03301400,MHVR,1,62,279,0,279,VJ-NORTH,FANCY NECK,LOVE,,HEART,
NO-10001214,7/1/2026,7,2026,236941,MV189W-4,"14KT""OVANI-COLLECTION""  IGI CERT LABGROWN DIAMOND HIDDEN HALO RADIANT BRIDAL SET",MV189W,VSU,1,"2,908.00","39,995.00","29,795.64","10,199.36",VJ-NORTH,LADYS RING,OVANI,14KT,7,
HE-10001353,7/1/2026,7,2026,202862,YC140031-S-W-WH,SILVER LOVE-SPELL CZ INFINITY CROSS PENDANT,YC140031-S-W-WH,DLM,1,12,54,0,54,VJ-HEND,SILVER PDT,LOVE,"""--""",CROSS,
HE-10001353,7/1/2026,7,2026,042429592667,98A302,BULOVA MARINE WATCH,98A302,BULOVA,1,330.12,695,0,695,VJ-HEND,BULOVA,WATCH,MENS,AUTOMATIC,
SL-10294122,6/29/2026,6,2026,205189,MBR50000242,14KT DIAMOND TENNIS BRACELET,MBR50000242,MHVR,1,"2,011.00","24,995.00","18,493.87","6,501.13",DE-SOUTH,LADYS BRCL,,TENNIS,7,
VO-10292189,7/1/2026,7,2026,227971V,CO-MER05000668-1,SILVER LABGROWN DIAMOND LOVE-SPELL VERMEIL HOOPS EARRINGS (NO WARRANTY),CO-MER05000668,MHVR,1,46,209,0,209,VJ-OAK,EARRINGS,LOVE,"""--""",HOOPS,
VO-10292189,7/1/2026,7,2026,231622S,MV066-SL,"SILVER""LAB-GROWN"" DIAMOND ULTIMATE VALUE HOOPS",MV066-SL,VSU,1,126,299,0,299,VJ-OAK,EARRINGS,NOVELLO,UV,HOOPS,
VF-10292702,6/30/2026,6,2026,238769,238769,"14KT""NOVELLO-COLLECTION"" IGI CERT LABGROWN DIAMOND SOLITAIRE RING",LGE+RAD4.00,KRA,1,738,"16,995.00","13,475.00","3,520.00",VJ-FRE,LADYS RING,NOVELLO,SOL RING,4.00 CARAT,
VM-10293024,6/29/2026,6,2026,216256Y,JHE847-55FW70-4,"14KT""LABGROWN DIAMOND""  ENHANCER RING",JHE847-55FW70,JLX,1,303,"3,699.00","2,700.00",999,VJ-MOD,LADYS RING,NOVELLO,ENHANCER,7,
VM-10293024,6/29/2026,6,2026,231563-20,KKP5419-2-14,10KT YELLOW-GOLD PAVE CURB CHAIN,KKP5419-2,SFCO/KGS,1,834,"4,170.00","1,876.50","2,293.50",VJ-MOD,GOLD CHAIN,GOLD JEWL,10KT,20,
VO-10292186,6/30/2026,6,2026,233485Y,RRP1879YE-1,14KT”AANIKA.V”  EMERALD 0.75CT HALO PENDANT,RRP1879YE,RCN,1,554,"4,699.00","3,750.00",949,VJ-OAK,BP,AANIKA.V,EMERALD,BIRTHSTONE,
LO-10002290,6/30/2026,6,2026,217303,CLOSEOUT-17,10KT DIAMOND PC 3STONE RING,CLOSEOUT,CUSTBB,1,820,"9,995.00","7,593.15","2,401.85",VJ-LONG,LADYS RING,,10KT,7,
LO-10002290,6/30/2026,6,2026,228955V,MBR25000329_Z,SILVER LABGROWN DIAMOND LINKNLOCK VERMEIL PLATED CUBAN BRACELET (NO WARRANTY),MBR25000329,MHVR,1,307,"1,389.00",95.7,"1,293.30",VJ-LONG,MENS BRCLT,LINKNLOCK,-,CUBAN,
VM-10293026,6/30/2026,6,2026,228325,1TPDC2012003A,"SS""LINKNLOCK"" CZ CROSS PENDANT",1TPDC2012003A,KRMA,1,13,79,5.52,73.48,VJ-MOD,SS PNDTS,LINKNLOCK,-,CROSS,
VM-10293026,6/30/2026,6,2026,228322,1TPDC235552A001,"SS""LINKNLOCK"" DRAGON PENDANT",1TPDC235552A001,KRMA,1,13,79,5.52,73.48,VJ-MOD,SS PNDTS,LINKNLOCK,-,CROSS,
FA-10291275,6/30/2026,6,2026,204027,SFER100,"14KT""NOVELLO-COLLECTION""  LABGROWN DIAMOND FLOWER EARRINGS",SFER100,SNFLR,1,525,"6,999.00","5,635.36","1,363.64",VJ-VAL,EARRINGS,NOVELLO,14KT,FLOWER,
RE-10292283,6/29/2026,6,2026,231011,JR144704FG4WXN0Q4-38,"14KT""NOVELLO-COLLECTION""  IGI CERT LABGROWN DIAMOND HIDDEN HALO RADIANT BRIDAL RING",JR144704FG4WXN0Q4,KMA,1,886,"15,995.00","12,795.00","3,200.00",VJ-RENO,LADYS RING,NOVELLO,14KT,7,
AR-10291936,6/29/2026,6,2026,198355,TR-998-9,TUNGSTEN BAND 8MM,TR-998,JD,1,12,299,119.69,179.31,VJ-ARDN,TUNGS BAND,,,11.5,
SL-10294127,6/29/2026,6,2026,231616,MV062-10W,"10KT""LAB-GROWN"" DIAMOND ULTIMATE VALUE RBC HALO STUDS EARRINGS",MV062-10W,VSU,1,374,699,0,699,DE-SOUTH,EARRINGS,NOVELLO,UV,,
VS-10291878,6/30/2026,6,2026,224145,EVBN-0661VA34W4,"14KT""NOVELLO-COLLECTION""  LABGROWN DIAMOND 3-STONE BANGLE",EVBN-0661VA34W4,HRSH,1,"2,116.00","23,499.00","18,948.37","4,550.63",VJ-SERRA,BANGLE,NOVELLO,14KT,,
FA-10291284,7/1/2026,7,2026,176725,WG707,14KT PUSHBACK EARRING BACK [S],WG707,QUALITY GOLD,2,16,100,0,100,VJ-VAL,TRAY,,,,
DB-10000005,7/1/2026,7,2026,202843,DY110122-S-W-WH,SILVER LOVE-SPELL CZ EARRINGS,DY110122-S-W-WH,DLM,1,9,38,0,38,VJ-DEER,SILVER ERG,LOVE,"""--""",,
LO-10002285,6/29/2026,6,2026,224605-8,A3T 150 6L,"SILVER ""LINKNLOCK"" FIGARUCCI BRACELET ( NO WARRANTY )",A3T 150 6L,COAR,1,60,270,57.53,212.47,VJ-LONG,SILVR BRCL,LINKNLOCK,-,8,
VR-102291059,6/29/2026,6,2026,197688,SFPD00016,"14KT""NOVELLO-COLLECTION""  LABGROWN DIAMOND OVAL SOLITAIRE NECKLACE",SFPD00016,SNFLR,1,559,"7,299.00","5,112.78","2,186.22",VJ-ROSE,FANCY NECK,NOVELLO,14KT,,
VR-102291059,6/29/2026,6,2026,237324,EVEBS075VK5W0,"10KT""UV-NOVELLO"" LABGROWN DIAMOND RBC SOLITIARE STUDS",EVEBS075VK5W0,HRSH,1,140,"1,599.00","1,001.00",598,VJ-ROSE,EARRINGS,NOVELLO,SOL STUDS,0.75 LESS,
SA-10292018,6/29/2026,6,2026,224143,EVRE-22000VBSA44W4,"14KT""NOVELLO-COLLECTION""  LABGROWN DIAMOND HALO PROMISE RING",EVRE-22000VBSA44W4,HRSH,1,523,"5,799.00","4,334.47","1,464.53",VJ-SAL,LADYS RING,NOVELLO,14KT,7,
ST-10292307,6/30/2026,6,2026,208363-26,UKPH100004-5,14KT YELLOW-GOLD D/C ROPE CHAIN (NO WARRANTY),UKPH100004,KGS,1,"1,109.00","5,545.00","2,151.42","3,393.58",DBC-STOCK,GOLD CHAIN,GOLD JEWL,14KT,26,
ST-10292307,6/30/2026,6,2026,212038,CO-HOOPS-181,14KT YELLOW-GOLD D/C TWIST OVAL HOOPS (NO WARRANTY),CO-HOOPS,AFG,1,314,"1,570.00",781.01,788.99,DBC-STOCK,GOLD HOOPS,GOLD JEWL,14KT,HOOPS,
VE-10293543,6/29/2026,6,2026,207933-24,UKPD100020-3,14KT YELLOW-GOLD HLW SPL ROPE CHAIN,UKPD100020,KGS,1,"1,333.00","6,665.00","4,574.09","2,090.91",VJ-EAST,GOLD CHAIN,GOLD JEWL,14KT,24,
VE-10293542,6/29/2026,6,2026,216211,RPAB1/3-8,"14KT""LABGROWN-DIAMOND""  ROUND-PRONG ANNIVERSARY BAND",RPAB1/3,JLX,1,270,"3,099.00","2,434.00",665,VJ-EAST,LADYS RING,NOVELLO,AB,7,
VE-10293542,6/29/2026,6,2026,156812,RPAB1/4-18-3,"18KT""OVANI-COLLECTION"" ROUND PRONG  BAND",RPAB1/4-18,JLX,1,346,"3,995.00","3,251.81",743.19,VJ-EAST,LADYS RING,OVANI,AB,7,
VI-10292538,7/1/2026,7,2026,8.85997E+11,3601096,MOVADO WATCH,3601096,MOVADO,1,390,750,150,600,VJ-VICTOR,MOVADO,WATCH,MENS,BATTERY,
VS-10291879,6/30/2026,6,2026,238847Y,ANAF0359,"10KT""BELLA.BY.OVANI""  LABGROWN DIAMOND CUBAN RING",ANAF0359,INFN,1,313,"4,099.00","3,006.61","1,092.39",VJ-SERRA,LADYS RING,BELLA OVAN,10KT,CUBAN,
RE-10292282,6/29/2026,6,2026,227649S,MPD06001323,SILVER LABGROWN DIAMOND LOVE-SPELL  DOUBLE HEART PENDANT,MPD06001323,MHVR,1,66,349,0,349,VJ-RENO,PENDANT,LOVE,"""--""",HEART,
AR-10291939,7/1/2026,7,2026,198839,BLACKSTUDS5-PC,14KT TREATED BLACK DIAMONDS PRINCESS STUDS,BLACKSTUDS5-PC,HOD,1,170,"2,399.00","1,801.30",597.7,VJ-ARDN,EARRINGS,,,1.50 CARAT,
SL-10294134,7/1/2026,7,2026,232938Y,MV030W-27,"14KT""OVANI-COLLECTION""  IGI CERT LABGROWN DIAMOND PEAR BRIDAL RING",MV030W,VSU,1,"1,340.00","20,995.00","13,771.00","7,224.00",DE-SOUTH,LADYS RING,OVANI,14KT,7,
SL-10294134,7/1/2026,7,2026,216347Y,JNS7566-55FW70-4,"14KT""LABGROWN DIAMOND""  ENHANCER RING",JNS7566-55FW70,JLX,1,250,"3,099.00",0,"3,099.00",DE-SOUTH,LADYS RING,NOVELLO,CHEVRON,7,
LO-10002288,6/30/2026,6,2026,218091Y,EVYEH-0010VA44W4-1,"14KT""LABGROWN DIAMOND""  DANGLING HOOPS EARRINGS",EVYEH-0010VA44W4,HRSH,1,504,"5,995.00","4,796.00","1,199.00",VJ-LONG,EARRINGS,NOVELLO,14KT,HOOPS,
VV-10292139,6/30/2026,6,2026,232093,MV05810W-9,"10KT""NOVELLO-COLLECTION""  IGI CERT LABGROWN DIAMOND ROUND BRIDAL SET",MV05810W,VSU,1,736,"9,995.00","7,496.00","2,499.00",VJ-VIS,LADYS RING,NOVELLO,10KT,7,
SR-10291291,7/1/2026,7,2026,234393V,MRF12501091-1,SILVER NATURAL TREATED BLACK DIAMOND LINKNLOCK VERMEIL PLATED MENS RING (NO WARRANTY),MRF12501091,MHVR,1,107,419,55.35,363.65,VJ-S.ROSA,GENTS RING,LINKNLOCK,-,10,
VL-10291017,7/1/2026,7,2026,7.31903E+11,YA136301A,GUCCI WATCH,YA136301A,GUCCI GROUP WATCHES.,1,879,"1,600.00",320,"1,280.00",VJ-LIV,GUCCI,WATCH,MENS,,
VM-10293035,7/1/2026,7,2026,236010-8,343-00441-4,"10KT ""OROVENTI"" YELLOW-GOLD FANCY LINK BRACELET",343-00441,SFCO,1,475,"1,544.00",0,"1,544.00",VJ-MOD,GOLD ID,OROVENTI,10KT,8,
SR-10291290,6/30/2026,6,2026,229171S,MHS00024BR,SILVER LABGROWN DIAMOND LINKNLOCK CUBAN BRACELET,MHS00024BR,MHVR,1,624,"3,636.36",0,"3,636.36",VJ-S.ROSA,MENS BRCLT,LINKNLOCK,,CUBAN,
RE-10292281,6/29/2026,6,2026,220695,120-11125-BLACK-1,14KT YELLOW-GOLD BLACK ONYX CLOVER EARRINGS (NO WARRANTY),120-11125-BLACK-1,SFCO,1,245,"1,300.00",0,"1,300.00",VJ-RENO,GOLD HOOPS,CLOVER,14KT,,
VE-10293550,6/30/2026,6,2026,3601204,3601204,MOVADO WATCH,3601204,MOVADO,1,361,695,0,695,VJ-EAST,MOVADO,WATCH,MENS,BATTERY,
LO-10002297,7/1/2026,7,2026,042429586932,98A272,BULOVA MARINE STAR WATCH,98A272,BULOVA,1,330.12,695,170,525,VJ-LONG,BULOVA,WATCH,MENS,AUTOMATIC,
SL-10294125,6/29/2026,6,2026,201452Y,CO-RN21781A-1,14KT TRIO SET,CO-RN21781A,GLKD,1,"1,311.00","14,499.00","10,499.00","4,000.00",DE-SOUTH,TRIO,,14KT,,
VF-10292696,6/29/2026,6,2026,228343-8.5,1TB0B240921A001,"LEATHER ""LINKNLOCK"" FRANCO WITH BEADS ID BRACELET",1TB0B240921A001,KRMA,1,13,79,0,79,VJ-FRE,LTHR BRCL,LINKNLOCK,-,8.5,
VF-10292696,6/29/2026,6,2026,227166S,CO-MRF07001036,SILVER LABGROWN DIAMOND LOVE-SPELL  INFINITY LADYS RING,CO-MRF07001036,MHVR,1,67,349,0,349,VJ-FRE,LADYS RING,LOVE,"""--""",7,
VB-10291234,6/29/2026,6,2026,215573Y,RL230175W-1,"14KT""LABGROWN DIAMOND""  ENHANCER",RL230175W,PNT,1,575,"6,599.00","4,949.25","1,649.75",VJ-BAKER,LADYS RING,NOVELLO,ENHANCER,7,
VM-10293021,6/29/2026,6,2026,233367,LT36-18-1,10KT YELLOW-GOLD CZ GUADALUPE OVAL PENDANT (NO WARRANTY),LT36-18,TRCO,1,138,690,341.45,348.55,VJ-MOD,GOLD PNDTS,GOLD JEWL,10KT,,
VI-10292528,6/29/2026,6,2026,042429597549,96B429,BULOVA OCTAVA WATCH,96B429,BULOVA,1,226,475,125.57,349.43,VJ-VICTOR,BULOVA,WATCH,MENS,AUTOMATIC,
VO-10292188,7/1/2026,7,2026,209994,L37304966,LONGINES WATCH,L37304966,SWATCH GROUP LONGINES,1,605,"1,100.00",190.91,909.09,VJ-OAK,LONGINES,WATCH,MENS,,
VI-10292535,7/1/2026,7,2026,215451,14P1846Y,14KT YELLOW-GOLD PRAYING ANGEL PENDANT (NO WARRANTY),14P1846Y,SAF,1,414,"2,070.00","1,020.00","1,050.00",VJ-VICTOR,GOLD PNDTS,GOLD JEWL,14KT,,
RE-10292287,6/30/2026,6,2026,229209Y,MRF23000720-COMP-54,"22KT""NOVELLO-COLLECTION""  IGI CERT LABGROWN DIAMOND ROUND GENTS RING",MRF23000720-COMP,MHVR,1,"3,483.00","38,499.00","28,801.02","9,697.98",VJ-RENO,GENTS RING,NOVELLO,22KT,10,
VR-102291060,6/30/2026,6,2026,235990,152-00783-1,10KT YELLOW-GOLD BAPTISM PENDANT,152-00783,SFCO,1,58,290,141,149,VJ-ROSE,GOLD PNDTS,GOLD JEWL,10KT,,
VL-10291014,6/29/2026,6,2026,225450-24,FVAL 100 4L-4,"SILVER ""LINKNLOCK"" LINK CHAIN ( NO WARRANTY)",FVAL 100 4L,COAR,1,70,350,107,243,VJ-LIV,SLVR CHAIN,LINKNLOCK,-,24,
FA-10291274,6/29/2026,6,2026,239686Y,JRO41910HG4WXLBQ4-1,"14KT""ETERNAL VOW"" LABGROWN DIAMOND HEART PROMISE RING",JRO41910HG4WXLBQ4,KMA,1,266,"2,999.00","2,362.64",636.36,VJ-VAL,LADYS RING,NOVELLO,ETERNAL-VOW,HEART,
RE-10292280,6/29/2026,6,2026,204325,ER-LGE+RBC1.00-319,"14KT""NOVELLO-COLLECTION""  AGI CERT LABGROWN DIAMOND SOLITAIRE STUDS",ER-LGE+RBC1.00,FLK,1,229,"2,599.00","1,799.00",800,VJ-RENO,EARRINGS,NOVELLO,SOL STUDS,0.99 LESS,
NO-10001212,6/30/2026,6,2026,218245,R10200152,RADO WATCH,R10200152,SWATCH GROUP RADO,1,"2,832.50","5,150.00",776.42,"4,373.58",VJ-NORTH,RADO,WATCH,,AUTOMATIC,
SL-10294135,7/1/2026,7,2026,222756,NUGGET-G.RING-80,14KT YELLOW-GOLD NUGGET GENTS RING (NO WARRANTY),NUGGET-G.RING-80,SAF,1,851,"9,359.00","6,830.78","2,528.22",DE-SOUTH,GENTS RING,GOLD JEWL,14KT,,
AR-10291940,7/1/2026,7,2026,228328,STP3051-G,"SS""LINKNLOCK"" CRUCIFIX CROSS PENDANT",STP3051-G,KRMA,1,12,69,2.38,66.62,VJ-ARDN,SS PNDTS,LINKNLOCK,-,CROSS,
SR-10291289,6/30/2026,6,2026,229911S,MHS00029R-OPAL,SILVER LABGROWN DIAMOND LOVE-SPELL 0.50CT OPAL HALO RING,MHS00029R-OPAL,MHVR,1,34,169,0,169,VJ-S.ROSA,B,LOVE,OPAL,BIRTHSTONE,
VV-10292140,6/30/2026,6,2026,233362,LT13-154-1,10KT 2TONE-GOLD CZ GUADALUPE ROUND PENDANT (NO WARRANTY),LT13-154,TRCO,1,130,650,350,300,VJ-VIS,GOLD PNDTS,GOLD JEWL,10KT,,
PB-10291439,6/29/2026,6,2026,227458V,MPD01001307-1,"SILVER LABGROWN DIAMOND LOVE-SPELL VERMEIL INITIAL ""G"" PENDANT ( NO WARRANTY )",MPD01001307,MHVR,1,37,169,0,169,VJ-PB,PENDANT,LOVE,"""--""",INITIAL,
VF-10292704,6/30/2026,6,2026,213227Y,EL239414W-1,"10KT""BELLA.BY.OVANI"" LABGROWN DIAMOND HOOPS EARRINGS",EL239414W,PNT,1,337,"3,999.00","3,306.77",692.23,VJ-FRE,EARRINGS,BELLA OVAN,10KT,HOOPS,
GM-10292979,6/30/2026,6,2026,199471,SFRG097,"14KT""NOVELLO-COLLECTION""  LABGROWN DIAMOND 3-ROW LADYS BAND",SFRG097,SNFLR,1,704,"9,299.00","6,974.00","2,325.00",DBC-GM,LADYS RING,NOVELLO,14KT,7,
GM-10292979,6/30/2026,6,2026,203410,JNX6443SZ-01EW70,"18KT""OVANI-COLLECTION""  CZ CNTR SEMIMOUNT RING",JNX6443SZ-01EW70,JLX,1,"2,387.00","26,499.00","19,000.00","7,499.00",DBC-GM,LADYS RING,OVANI,SEMIMOUNT,7,
GM-10292979,6/30/2026,6,2026,227101,227101,"14KT""GIA-CERTIFIED""  OVAL DIAMOND SOLITARE RING",E+OVA1.70,ZVR,1,"7,697.00","84,995.00","63,753.96","21,241.04",DBC-GM,LADYS RING,NATURAL,SOL RING,1.50 CARAT,
SA-10292019,6/29/2026,6,2026,198043Y,MER15200349-1,10KT FLOWER EARRINGS,MER15200349,MHVR,1,454,"5,499.00","4,067.41","1,431.59",VJ-SAL,EARRINGS,,10KT,FLOWER,
VM-10293036,7/1/2026,7,2026,227573-6,000-09945-4,14KT YELLOW-GOLD MOTHER MARY PAVE FIGARO BABY ID BRACELET (NO WARRANTY),000-09945-4,SFCO,1,325,"1,625.00",0,"1,625.00",VJ-MOD,GOLD ID,GOLD JEWL,-,6,
GM-10292976,6/30/2026,6,2026,231624S,MV067-SL,"SILVER""LAB-GROWN"" DIAMOND ULTIMATE VALUE CUBAN BRACELET",MV067-SL,VSU,1,444,999,0,999,DBC-GM,MENS BRCLT,NOVELLO,UV,CUBAN,
GM-10292976,6/30/2026,6,2026,237359-22,CPA100-1,"10KT ""ULTIMATE VALUE"" YELLOW-GOLD D/C CURB CHAIN",CPA100,OX,1,781,"1,129.00",0,"1,129.00",DBC-GM,GOLD CHAIN,GOLD JEWL,UV,22,
VM-10293038,7/1/2026,7,2026,169399,UKHI000100-2-5,14KT YELLOW-GOLD HLW CURB CHAIN (NO WARRANTY),UKHI000100-2,KGS,1,482,"2,410.00","1,192.60","1,217.40",VJ-MOD,GOLD CHAIN,GOLD JEWL,14KT,16,
VF-10292697,6/29/2026,6,2026,210456-9,301-10135-1,14KT YELLOW-GOLD HLW MONACO STYLE MIAMI CUBAN BRACELET,301-10135,SFCO,1,"2,296.00","11,480.00","6,314.00","5,166.00",VJ-FRE,GOLD ID,GOLD JEWL,14KT,9,
VF-10292697,6/29/2026,6,2026,15010KY12,15010KY12,"10KT ""BENCHMARK"" GOLD BAND 5MM TRADITIONAL OVAL",15010KY12,BENCHMARK,1,381,"1,715.00",871.29,843.71,VJ-FRE,GOLD BANDS,PLAIN,10KT,12,
VF-10292697,6/29/2026,6,2026,227454S,CO-MRF20001028,SILVER LABGROWN DIAMOND LOVE-SPELL  COMPOSITE RING,CO-MRF20001028,MHVR,1,145,729,0,729,VJ-FRE,LADYS RING,LOVE,"""--""",COMPOSITE,
VF-10292697,6/29/2026,6,2026,236909,MV148W,"14KT""OVANI-COLLECTION""  IGI CERT LABGROWN DIAMOND HIDDEN HALO OVAL BRIDAL SET",MV148W,VSU,1,"3,155.00","40,995.00","31,074.21","9,920.79",VJ-FRE,LADYS RING,OVANI,14KT,7,
GM-10292982,7/1/2026,7,2026,209300Y,UPF02380-050-COMP,"22KT""OVANI22""  ROUND BAGUETTE PENDANT",UPF02380-050-COMP,GM,1,"2,050.00","24,995.00","18,062.13","6,932.87",DBC-GM,PENDANT,OVANI,22KT,,
GM-10292982,7/1/2026,7,2026,236308,DATEJUST-TT-26MM-OLD-46,PRE-OWNED ROLEX TT 26MM CHAMPAGNE DATEJUST OYSTER PERPETUAL WATCH,DATEJUST-TT-26MM-OLD,APAN,1,"4,050.00","24,995.00","14,997.00","9,998.00",DBC-GM,ROLEX,WATCH,WOMEN,26,
VV-10292143,7/1/2026,7,2026,231601-24,KKJ6578-9,10KT TRICOLOR-GOLD VALENTINO CHAIN,KKJ6578,SFCO/KGS,1,891,"4,455.00","2,655.00","1,800.00",VJ-VIS,GOLD CHAIN,GOLD JEWL,10KT,24,
LO-10002289,6/30/2026,6,2026,231624V,MV067-SL-1,"SILVER""LAB-GROWN"" DIAMOND ULTIMATE VALUE CUBAN BRACELET VERMEIL PLATED (NO WARRANTY)",MV067-SL,VSU,1,502,"1,104.00",0,"1,104.00",VJ-LONG,MENS BRCLT,NOVELLO,UV,CUBAN,
VM-10293022,6/29/2026,6,2026,239191Y,MRF05001341-1,"10KT""LABGROWN DIAMOND""  RBC CHANNEL MENS BAND",MRF05001341,MHVR,1,569,"4,799.00","3,408.47","1,390.53",VJ-MOD,GENTS RING,NOVELLO,10KT,10,
AT-10290422,6/29/2026,6,2026,215512,EL200211W,"10KT""BELLA.BY.OVANI"" LABGROWN DIAMOND STUDS EARRINGS",EL200211W,PNT,1,79,899,598.55,300.45,VJ-S.ANITA,EARRINGS,BELLA OVAN,10KT,,
VL-10291015,6/30/2026,6,2026,177783Y,E71-P400518-1,14KT DIAMOND CROSS PENDANT,E71-P400518,EMNL,1,790,"8,999.00","6,902.85","2,096.15",VJ-LIV,PENDANT,,14KT,CROSS,
SL-10294132,7/1/2026,7,2026,217540-8.5,785-10140,14KT YELLOW-GOLD HLW CZ MIAMI CUBAN BRACELET,785-10140,SFCO,1,"2,834.00","14,170.00","7,397.99","6,772.01",DE-SOUTH,GOLD ID,GOLD JEWL,14KT,8.5,
AR-10291935,6/29/2026,6,2026,229714,ORAG34120,SILVER LOVE-SPELL D/C HOOPS EARRINGS ( NO WARRANTY ),ORAG34120,LGTS,1,17,68,0,68,VJ-ARDN,SILVER ERG,LOVE,,20,
VI-10292529,6/29/2026,6,2026,176630Y,2200-2218-1,14KT YG SCREWBACK EARRING BACK WITH 6.5MM PAD [L],2200-2218,TCI,1,12,70,15.75,54.25,VJ-VICTOR,TRAY,,,,
VF-10292698,6/29/2026,6,2026,224302-26,CMM 090 8L-4,"SILVER ""LINKNLOCK"" ROPE CHAIN",CMM 090 8L,COAR,1,210,840,240,600,VJ-FRE,SLVR CHAIN,LINKNLOCK,-,26,
PA-10001354,7/1/2026,7,2026,231622S,MV066-SL,"SILVER""LAB-GROWN"" DIAMOND ULTIMATE VALUE HOOPS",MV066-SL,VSU,1,126,299,0,299,VJ-PALM,EARRINGS,NOVELLO,UV,HOOPS,
VI-10292536,7/1/2026,7,2026,222746,NUGGET-G.HOOPS-5,10KT YELLOW-GOLD CZ ROUND NUGGET EARRINGS (NO WARRANTY),NUGGET-G.RING,SAF,1,130,650,397.13,252.87,VJ-VICTOR,GOLD HOOPS,GOLD JEWL,10KT,,
DB-10000007,7/1/2026,7,2026,237318Y,EVEBS025VK5W0-1,"10KT""UV-NOVELLO"" LABGROWN DIAMOND RBC SOLITIARE STUDS",EVEBS025VK5W0,HRSH,1,77,899,695.6,203.4,VJ-DEER,EARRINGS,NOVELLO,SOL STUDS,0.50 LESS,
VI-10292537,7/1/2026,7,2026,223537Y,JRS90653FG4WXENQ4-12,"14KT""NOVELLO-COLLECTION""  IGI CERT  LABGROWN DIAMOND MARQUISE BRIDAL SET",JRS90653FG4WXENQ4,KMA,1,986,"12,995.00","10,696.15","2,298.85",VJ-VICTOR,LADYS RING,NOVELLO,14KT,7,
VE-10293552,7/1/2026,7,2026,229602,DATEJUST-SS-26MM-OLD-DB-03,PRE-OWNED ROLEX SS 26MM BLACK AFTERMARKET LAB GROWN DIAMOND BEZEL & DIAL  DATEJUST OYSTER PERPETUAL,DATEJUST-SS-26MM-OLD-DB,BMJ,1,"2,308.00","11,995.00","7,228.62","4,766.38",VJ-EAST,ROLEX,WATCH,WOMEN,26,
NO-10001208,6/29/2026,6,2026,237890WY,RR9538YW-3,"14KT""OVANI-COLLECTION""  IGI CERT YELLOW LABGROWN DIAMOND EMERALD BRIDAL RING",RR9538YW,RCN,1,"1,578.00","15,995.00","12,441.47","3,553.53",VJ-NORTH,LADYS RING,OVANI,14KT,7,
CH-10002287,6/29/2026,6,2026,227599V,MRF02000999-1,SILVER LABGROWN DIAMOND LOVE-SPELL VERMEIL 3-STONES BAND ( NO WARRANTY ),MRF02000999,MHVR,1,32,149,0,149,VJ-CHAND,LADYS RING,LOVE,BAND,7,
CH-10002287,6/29/2026,6,2026,228389-26,1TN0G225504C001,"SS""LINKNLOCK"" CUBAN CHAIN",1TN0G225504C001,KRMA,1,18,99,0,99,VJ-CHAND,SS CHAIN,LINKNLOCK,-,CUBAN,
CH-10002287,6/29/2026,6,2026,226686Y,EVRT-3329VXA34W4-24,"14KT""NOVELLO-COLLECTION""  IGI CERT LABGROWN DIAMOND EMERALD BRIDAL RING",EVRT-3329VXA34W4,HRSH,1,"1,021.00","12,499.00","9,207.00","3,292.00",VJ-CHAND,LADYS RING,NOVELLO,14KT,7,
CH-10002287,6/29/2026,6,2026,228045V,CO-MER05000669-1,SILVER LABGROWN DIAMOND LOVE-SPELL VERMEIL EMERALD SOLITIARE STUDS EARRINGS (NO WARRANTY),CO-ER05000669,MHVR,1,64,259,0,259,VJ-CHAND,EARRINGS,LOVE,EMERALD,,
AR-10291937,6/29/2026,6,2026,216213Y,RPAB1-12,"14KT""LABGROWN DIAMOND""  ROUND-PRONG ANNIVERSARY BAND",RPAB1,JLX,1,463,"5,199.00","4,096.47","1,102.53",VJ-ARDN,LADYS RING,NOVELLO,AB,7,
VF-10292701,6/30/2026,6,2026,173365,TR-616,TUNGSTEN CARBIDE BAND 8MM,TR-616,JD,1,14,299,114.41,184.59,VJ-FRE,TUNGS BAND,,,8,
VF-10292707,7/1/2026,7,2026,207015,R32259323,RADO WATCH,R32259323,SWATCH GROUP RADO,1,"1,100.00","2,000.00",200,"1,800.00",VJ-FRE,RADO,WATCH,MENS,BATTERY,
VE-10293545,6/29/2026,6,2026,231407Y,RB1267WS-1,14KT”AANIKA.V”  B. SAPPHIRE 0.90CT CLOVER BRACELET,RB1267WS,RCN,1,"1,210.00","10,499.00","7,771.73","2,727.27",VJ-EAST,BB,AANIKA.V,B SAPPHIRE,BIRTHSTONE,
VI-10292531,6/29/2026,6,2026,8.89232E+11,GA2100-7A,G-SHOCK ANALOG DIGITAL WATCH,GA2100-7A,G-SHOCK,1,55,110,1.49,108.51,VJ-VICTOR,G-SHOCK,WATCH,MENS,,
VF-10292700,6/30/2026,6,2026,042429538023,97L155,BULOVA CLASSIC WATCH,97L155,BULOVA,1,166.25,350,50,300,VJ-FRE,BULOVA,WATCH,WOMEN,BATTERY,
NO-10001213,6/30/2026,6,2026,230116S,MHS00035R-BLUETOPAZ,SILVER LABGROWN DIAMOND LOVE-SPELL 1.25CT BLUE TOPAZ HALO RING,MHS00035R-BLUETOPAZ,MHVR,1,33,169,0,169,VJ-NORTH,B,LOVE,B TOPAZ,BIRTHSTONE,
FA-10291283,6/30/2026,6,2026,110353,R12408613,RADO DIASTAR ORIGINAL WATCH,R12408613,SWATCH GROUP RADO,1,660,"1,200.00",200,"1,000.00",VJ-VAL,RADO,WATCH,MENS,AUTOMATIC,
VS-10291884,7/1/2026,7,2026,226019-V,MRF01000992-1,SILVER LABGROWN DIAMOND LOVE-SPELL VERMEIL PROMISE RING ( NO WARRANTY ),MRF01000992,MHVR,1,24,109,0,109,VJ-SERRA,LADYS RING,LOVE,"""--""",7,
DB-10000003,6/30/2026,6,2026,237771,237771,"14KT""NOVELLO-COLLECTION""  IGI CERT LABGROWN DIAMOND SOLITAIRE RING",LGE+RAD2.00,KRA,1,560,"9,995.00","6,095.01","3,899.99",VJ-DEER,LADYS RING,NOVELLO,SOL RING,2.00 CARAT,
FA-10291287,7/1/2026,7,2026,102530,R12416613,RADO ORIGINAL DIASTAR WATCH,R12416613,SWATCH GROUP RADO,1,770,"1,400.00",140,"1,260.00",VJ-VAL,RADO,WATCH,WOMEN,ORIGINAL,
SO-10290964,6/30/2026,6,2026,111987,CO-3776,LEMON GREEN QUARTZ EARRINGS,CO,DVD,1,99,"1,099.00",822.2,276.8,VJ-SOLANO,BE,B STONE,,BIRTHSTONE,
ST-10292306,6/29/2026,6,2026,235107,MV102W-2,"14KT""NOVELLO-COLLECTION""  IGI CERT LABGROWN DIAMOND PRINCESS HOOPS EARRINGS",MV102W,HRSH,1,"1,062.00","15,995.00","13,465.63","2,529.37",DBC-STOCK,EARRINGS,NOVELLO,14KT,HOOPS,
OF-540,6/29/2026,6,2026,164021,L37814566,LONGINES-HYDROCONQUEST  CERAMIC WATCH,L37814566,SWATCH GROUP LONGINES,1,"1,100.00","2,000.00",674.29,"1,325.71",MAIN,LONGINES,WATCH,MENS,,
VV-10292141,6/30/2026,6,2026,7.31903E+11,YA141504,GUCCI WATCH,YA141504,GUCCI GROUP WATCHES.,1,714,"1,300.00",130,"1,170.00",VJ-VIS,GUCCI,WATCH,WOMEN,,
VV-10292135,6/29/2026,6,2026,042429599727,96L331,BULOVA WATCH,96L331,BULOVA,1,267.75,625,155,470,VJ-VIS,BULOVA,WATCH,,BATTERY,
VV-10292135,6/29/2026,6,2026,196663Y,MER26500334-1,14KT EARRING JACKETS,MER26500334,MHVR,1,319,"3,799.00","2,849.00",950,VJ-VIS,EARRINGS,,,JACKET,
VM-10293032,7/1/2026,7,2026,SLCF15014KY12,SLCF15014KY12,"14KT""BENCHMARK""  SUPER LIGHT GOLD BAND 5MM",SLCF15014KY12,BENCHMARK,1,481,"2,165.00","1,338.40",826.6,VJ-MOD,GOLD BANDS,PLAIN,14KT,12,
VV-10292138,6/30/2026,6,2026,229531,229531,"14KT""NOVELLO-COLLECTION""  IGI CERT LABGROWN DIAMOND SOLITAIRE RING",LGE+RBC1.50,MHVR,1,456,"7,995.00","6,345.00","1,650.00",VJ-VIS,LADYS RING,NOVELLO,SOL RING,1.50 CARAT,
SL-80161338,6/29/2026,6,2026,180220,180220,"99120099""14KT""NOVELLO-COLLECTION""  IGI CERT LABGROWN DIAMOND SOLITAIRE RING",LGE+RBC1.00,FLK,1,"1,210.00","10,995.00","9,495.00","1,500.00",DE-SOUTH,LADYS RING,NOVELLO,SOL RING,1.00 CARAT,
SL-80161770,6/29/2026,6,2026,201784,SR11278,10KT TRIO SET,SR11278,SHSH,1,557,"3,999.00","2,700.00","1,299.00",DE-SOUTH,TRIO,,10KT,,
,,,,,,,,,,,,,,,,,,,
,,,,,,,,,,,,,,,,,,,1-Jan
