Transaction  #,Transaction Date,SKU  #,Style  #,Description,Vendor Model,Vendor Name,Qty,Inventory Cost,Sales Amount,Disc Amt,Total,Store,Department,Design,Class,Sub-Class,
AR-10291951,7/4/2026,229149V,MNC960000151-1,SILVER LABGROWN DIAMOND LINKNLOCK VERMEIL PLATED CUBAN LINK NECKLACE (NO WARRANTY),MNC960000151,MHVR,1,"1,033.00","4,639.00","1,500.07","3,138.93",VJ-ARDN,FANCY NECK,LINKNLOCK,-,CUBAN,
AR-10291951,7/4/2026,231624S,MV067-SL,"SILVER""LAB-GROWN"" DIAMOND ULTIMATE VALUE CUBAN BRACELET",MV067-SL,VSU,1,444,999,0,999,VJ-ARDN,MENS BRCLT,NOVELLO,UV,CUBAN,
NO-10001222,7/4/2026,237328,EVEPS025VK5W0,"10KT""UV-NOVELLO"" LABGROWN DIAMOND PC SOLITIARE STUDS",EVEPS025VK5W0,HRSH,1,108,"1,149.00",876.56,272.44,VJ-NORTH,EARRINGS,NOVELLO,SOL STUDS,0.50 LESS,
PA-10001360,7/4/2026,228486-24,1TN0W251657A001,"SS""LINKNLOCK"" BOX CHAIN",1TN0W251657A001,KRMA,1,12,69,0,69,VJ-PALM,SS CHAIN,LINKNLOCK,-,24,
VI-10292562,7/5/2026,228328,STP3051-G,"SS""LINKNLOCK"" CRUCIFIX CROSS PENDANT",STP3051-G,KRMA,1,12,69,0,69,VJ-VICTOR,SS PNDTS,LINKNLOCK,-,CROSS,
VL-10291034,7/4/2026,159518,L55125717,LONGINES WATCH,L55125717,SWATCH GROUP LONGINES,1,"1,421.00","2,450.00",564.29,"1,885.71",VJ-LIV,LONGINES,WATCH,WOMEN,,
VB-10291237,7/1/2026,190719,CO-EH-0004-I7814,14KT DOUBLE VISION HOOPS,CO-EH-0004-I7814,HRSH,1,500,"5,499.00","4,601.15",897.85,VJ-BAKER,EARRINGS,,14KT,HOOPS,
VB-10291237,7/1/2026,130746WY,CO-R15669-1,14KT DESIGNER BRIDAL RING,CO-R15669,PNT,1,536,"5,999.00","5,049.27",949.73,VJ-BAKER,LADYS RING,,14KT,7,
SA-10292041,7/5/2026,227440V,CO-MPD01001297-1,"SILVER LABGROWN DIAMOND LOVE-SPELL VERMEIL INITIAL ""S"" PENDANT ( NO WARRANTY )",CO-MPD01001297,MHVR,1,39,169,0,169,VJ-SAL,PENDANT,LOVE,"""--""",INITIAL,
VL-10291024,7/3/2026,203032Y,MRF29000098-1,14KT 5-ROW GENTS BAND,MRF29000098,MHVR,1,"2,132.00","23,499.00","18,500.00","4,999.00",VJ-LIV,GENTS RING,,14KT,10,
VS-10291894,7/4/2026,231503-26,UKPD100020-7,10KT YELLOW-GOLD HLW SPL ROPE CHAIN,UKPD100020,SFCO/KGS,1,834,"4,170.00","2,171.00","1,999.00",VJ-SERRA,GOLD CHAIN,GOLD JEWL,10KT,26,
VS-10291894,7/4/2026,204932,SP12214,"10KT INITIAL ""N""  BAGUETTE PENDANT",SP12214,SHSH,1,251,"3,099.00","2,202.00",897,VJ-SERRA,PENDANT,,10KT,INITIAL,
CH-10002305,7/4/2026,042429599796,97B223,BULOVA WILTON WATCH,97B223,BULOVA,1,377.62,795,195,600,VJ-CHAND,BULOVA,WATCH,MENS,BATTERY,
ON-10292096,7/5/2026,157690,R184102,14KT SWEET-15 CROWN TRI-COLOR  RING,R184102,PNT,1,195,"2,399.00","1,916.24",482.76,VJ-ONT,LADYS RING,QUINCE,,SWEET15,
VM-10293037,7/1/2026,233590Y,JMR058328G4WXENS9-5,"10KT""NOVELLO-COLLECTION""  LABGROWN DIAMOND COMPOSITE RING",JMR058328G4WXENS9,KMA,1,"1,108.00","12,995.00","8,995.01","3,999.99",VJ-MOD,LADYS RING,NOVELLO,10KT,COMPOSITE,
CH-10002300,7/3/2026,224460-22,CMM 060 8L-4,"SILVER ""LINKNLOCK"" D/C ROPE CHAIN",CMM 060 8L,COAR,1,87,348,48,300,VJ-CHAND,SLVR CHAIN,LINKNLOCK,-,22,
GM-10292995,7/4/2026,234831Y,EVNF-1337VA44W0-1,"10KT""NOVELLO-COLLECTION""  LABGROWN DIAMOND TENNIS NECKLACE",EVNF-1337VA44W0,HRSH,1,"1,887.00","20,995.00","13,605.84","7,389.16",DBC-GM,FANCY NECK,NOVELLO,TENNIS,20,
VS-10291902,7/5/2026,229163S,CO-MHS00023B,SILVER LABGROWN DIAMOND LOVE-SPELL FLOWER BRACELET,CO-MHS00023B,MHVR,1,114,819,0,819,VJ-SERRA,LADYS BRCL,LOVE,"""--""",FLOWER,
VS-10291902,7/5/2026,228951S,CO-MHS00023R,SILVER LABGROWN DIAMOND LOVE-SPELL ROSE FLOWER RING,CO-MHS00023R,MHVR,1,72,429,0,429,VJ-SERRA,LADYS RING,LOVE,"""--""",7,
IN-10291089,7/5/2026,12014KW06,12014KW06,"14KT""BENCHMARK""  GOLD BAND 2MM",12014KW06,BENCHMARK,1,191,860,560,300,VJ-INLND,GOLD BANDS,PLAIN,14KT,6,
PB-10291453,7/3/2026,231616Y,MV062-10W-1,"10KT""LAB-GROWN"" DIAMOND ULTIMATE VALUE RBC HALO STUDS EARRINGS",MV062-10W,VSU,1,374,770,0,770,VJ-PB,EARRINGS,NOVELLO,UV,,
VI-10292550,7/4/2026,SLCF14014KY07,SLCF14014KY07,"14KT""BENCHMARK"" SUPER LIGHT GOLD BAND 4MM",SLCF14014KY07,BENCHMARK,1,338,"1,521.00",877.32,643.68,VJ-VICTOR,GOLD BANDS,PLAIN,14KT,7,
FA-10291308,7/5/2026,236773Y,EVRE-23908VXA34W4-34,"14KT""NOVELLO-COLLECTION""  IGI CERT LABGROWN DIAMOND OVAL BRIDAL RING",EVRE-23908VXA34W4,HRSH,1,"1,231.00","13,995.00","10,495.00","3,500.00",VJ-VAL,LADYS RING,NOVELLO,14KT,7,
VS-10291889,7/3/2026,233993Y,LG-RG3153Y,"14KT""NOVELLO-COLLECTION"" IGI CERT LABGROWN DIAMOND ROUND BRIDAL RING",LG-RG3153Y,SAF,1,"1,000.00","13,995.00","10,545.00","3,450.00",VJ-SERRA,LADYS RING,NOVELLO,14KT,7,
VE-10293592,7/5/2026,042429560833,96B296,BULOVA WATCH,96B296,BULOVA,1,331,695,0,695,VJ-EAST,BULOVA,WATCH,MENS,BATTERY,
IN-10291082,7/3/2026,212866Y,TL239024W-1,"10KT""BELLA.BY.OVANI"" LABGROWN DIAMOND CLOVER CURB LINK BRACELET",TL239024W,PNT,1,689,"7,599.00","6,127.74","1,471.26",VJ-INLND,LADYS BRCL,BELLA OVAN,10KT,7.25,
VF-10292708,7/1/2026,236948,MV171W-3,"14KT""OVANI-COLLECTION""  IGI CERT LABGROWN DIAMOND HIDDEN HALO RADIANT BRIDAL SET",MV171W,VSU,1,"1,482.00","20,995.00","13,843.27","7,151.73",VJ-FRE,LADYS RING,OVANI,14KT,7,
ON-10292078,7/1/2026,216266,JHN2905-55FW70-2,"14KT""LABGROWN DIAMOND""  ENHANCER RING",JHN2905-55FW70,JLX,1,605,"7,499.00","6,028.65","1,470.35",VJ-ONT,LADYS RING,NOVELLO,ENHANCER,7,
CH-10002291,7/2/2026,228308S,MPD01001252,SILVER LABGROWN DIAMOND LOVE-SPELL INFINITY NECKLACE,MPD01001252,MHVR,1,35,179,0,179,VJ-CHAND,FANCY NECK,LOVE,"""--""",INFINITY,
VO-10292196,7/3/2026,15010KY12,15010KY12,"10KT ""BENCHMARK"" GOLD BAND 5MM TRADITIONAL OVAL",15010KY12,BENCHMARK,1,381,"1,715.00","1,065.01",649.99,VJ-OAK,GOLD BANDS,PLAIN,10KT,12,
DB-10000009,7/2/2026,232877Y,LN0062DWA,10KT LABGROWN DIAMOND SWEET-15 PENDANT,LN0062DWA,GS,1,197,"2,199.00","1,090.45","1,108.55",VJ-DEER,PENDANT,QUINCE,10KT,SWEET15,
SA-10292030,7/3/2026,173383,TR-231-3,TUNGSTEN CARBIDE BAND 8MM,TR-231,JD,1,12,299,148,151,VJ-SAL,TUNGS BAND,,,11,
SA-10292030,7/3/2026,225890,EVRB-11444VXA34W4-9,"14KT""NOVELLO-COLLECTION""  IGI CERT LABGROWN DIAMOND ROUND BRIDAL SET",EVRB-11444VXA34W4,HRSH,1,"1,325.00","14,995.00","11,045.00","3,950.00",VJ-SAL,LADYS RING,NOVELLO,14KT,7,
CH-10002311,7/4/2026,12014KY05,12014KY05,"14KT ""BENCHMARK""  GOLD BAND 2MM",12014KY05,BENCHMARK,1,182,819,401.56,417.44,VJ-CHAND,GOLD BANDS,PLAIN,14KT,5,
NO-10001216,7/2/2026,186800,CO-EF-5779-A67-10W,10KT BAGUETTE HOOPS,CO-EF-5779-A67-10W,HRSH,1,100,"1,099.00",770.07,328.93,VJ-NORTH,EARRINGS,,10KT,HOOPS,
VI-10292559,7/5/2026,8.89232E+11,GA700UC-3A,G-SHOCK WATCH,GA700UC-3A,G-SHOCK,1,55,110,31.84,78.16,VJ-VICTOR,G-SHOCK,WATCH,MENS,,
GM-10292999,7/5/2026,219861,JRQ325410G4WXN0Q4,"14KT""LABGROWN DIAMOND"" ROUND PRONG ANNIVERSARY BAND",JRQ325410G4WXN0Q4,KMA,1,469,"5,199.00","3,835.36","1,363.64",DBC-GM,LADYS RING,NOVELLO,14KT,7,
CL-10290866,7/3/2026,234678-9,UKHG000033-6-16,10KT YELLOW-GOLD CUBAN BRACELET 5.5MM,UKHG000033-6,SFCO/KGS,1,713,"3,565.00","2,165.00","1,400.00",VJ-CULVER,GOLD ID,GOLD JEWL,10KT,9,
VM-10293030,7/1/2026,217612,R12161643,RADO WATCH,R12161643,SWATCH GROUP RADO,1,"1,210.00","2,200.00",454.96,"1,745.04",VJ-MOD,RADO,WATCH,MENS,AUTOMATIC,
VB-10291245,7/2/2026,228781S,MBR30000328,SILVER LABGROWN DIAMOND LINKNLOCK CUBAN BRACELET,MBR30000328,MHVR,1,309,"1,559.00",173.3,"1,385.70",VJ-BAKER,MENS BRCLT,LINKNLOCK,,CUBAN,
DB-10000011,7/2/2026,226917Y,R190224W7-3,"14KT""LABGROWN DIAMOND""  ENHANCER RING",R190224W7,PNT,1,378,"4,699.00","3,899.00",800,VJ-DEER,LADYS RING,NOVELLO,ENHANCER,7,
PB-10291445,7/1/2026,232759,LT63-34,10KT YELLOW-GOLD CZ VIRGIN MARY PENDANT ( NO WARRANTY ),LT63-34,TRCO,1,381,"1,905.00",905,"1,000.00",VJ-PB,GOLD PNDTS,GOLD JEWL,10KT,,
GM-10292981,7/1/2026,219637Y,P233025W-4,"10KT""BELLA.BY.OVANI"" LABGROWN DIAMOND CROSS PENDANT",P233025W,PNT,1,161,"2,150.00",0,"2,150.00",DBC-GM,PENDANT,BELLA OVAN,10KT,CROSS,
CL-10290869,7/5/2026,216362,JHN2961-55FW70-4,"14KT""LABGROWN DIAMOND""  ENHANCER RING",JHN2961-55FW70,JLX,1,449,"5,499.00","4,505.78",993.22,VJ-CULVER,LADYS RING,NOVELLO,ENHANCER,7,
SA-10292039,7/5/2026,206309,EDF13557,"18KT""OVANI-COLLECTION""  INFINITY BAGUETTE HOOPS EARRINGS",EDF13557,GM,1,988,"10,995.00","7,933.21","3,061.79",VJ-SAL,EARRINGS,OVANI,18KT,INFINITY,
VL-10291033,7/4/2026,234759,DATEJUST-TT-36MM-OLD-157,PRE-OWNED ROLEX TT 36MM CHAMPAGNE AFTERMARKET LAB GROWN DIAMOND DIAL DATEJUST OYSTER PERPETUAL WATCH,DATEJUST-TT-36MM-OLD,VIN,1,"4,931.00","29,995.00","17,750.10","12,244.90",VJ-LIV,ROLEX,WATCH,MENS,36,
ON-10292092,7/4/2026,235825Y,MV005W-16,"14KT""OVANI-COLLECTION""  IGI CERT LABGROWN DIAMOND OVAL BRIDAL RING",MV005W,VSU,1,874,"12,995.00","10,605.11","2,389.89",VJ-ONT,LADYS RING,OVANI,14KT,7,
ON-10292084,7/2/2026,042429516793,97B237,BULOVA SUPER SEVILLE WATCH,97B237,BULOVA,1,377.62,795,195,600,VJ-ONT,BULOVA,WATCH,MENS,BATTERY,
ON-10292084,7/2/2026,240473,DATEJUST-TT-41MM-NW-54,PRE-OWNED ROLEX 41MM TT GOLD DATEJUST OYSTER PERPETUAL WATCH,DATEJUST-TT-41MM-NW,IWJG,1,"9,850.00","53,995.00","35,468.55","18,526.45",VJ-ONT,ROLEX,WATCH,MENS,41,
VB-10291241,7/2/2026,193228-20,CO-10056,10KT YELLOW-GOLD SOLID ROPE CHAIN,CO,SAF,1,"1,126.00","5,630.00","3,630.00","2,000.00",VJ-BAKER,GOLD CHAIN,GOLD JEWL,10KT,20,
VB-10291241,7/2/2026,15010KW08,15010KW08,"10KT ""BENCHMARK""  GOLD BAND 5MM TRADITIONAL OVAL",15010KW08,BENCHMARK,1,330,"1,485.00",891,594,VJ-BAKER,GOLD BANDS,PLAIN,10KT,8,
VB-10291241,7/2/2026,SLCF16014KW12,SLCF16014KW12,"14KT""BENCHMARK""  SUPER LIGHT GOLD BAND 6MM",SLCF16014KW12,BENCHMARK,1,603,"2,714.00","1,660.20","1,053.80",VJ-BAKER,GOLD BANDS,PLAIN,14KT,12,
VB-10291241,7/2/2026,188335,PT836,14KT YELLOW-GOLD CRUCIFIX CROSS PENDANT,PT836,OB,1,347,"1,735.00","1,041.00",694,VJ-BAKER,GOLD PNDTS,GOLD JEWL,14KT,CROSS,
NO-10001227,7/5/2026,SLCF15014KY11,SLCF15014KY11,"14KT""BENCHMARK"" SUPER LIGHT GOLD BAND 5MM",SLCF15014KY11,BENCHMARK,1,465,"2,093.00",957.69,"1,135.31",VJ-NORTH,GOLD BANDS,PLAIN,14KT,11,
ON-10292100,7/5/2026,235672Y,EVRB-12197VXA34W4-51,"14KT""NOVELLO-COLLECTION""  IGI CERT LABGROWN DIAMOND OVAL BRIDAL SET",EVRB-12197VXA34W4,HRSH,1,"1,252.00","13,995.00","11,605.11","2,389.89",VJ-ONT,LADYS RING,NOVELLO,14KT,7,
SA-10292026,7/2/2026,235638S,MPD00601292,"SILVER LABGROWN DIAMOND LOVE-SPELL  INITIAL ""A""  PENDANT",MPD00601292,MHVR,1,34,169,0,169,VJ-SAL,PENDANT,LOVE,,INITIAL,
ON-10292098,7/5/2026,213231R,R236780WE-2,"14KT""DIANI-COLLECTION""  ROUND BRIDAL RING",R236780WE,PNT,1,543,"6,995.00","5,396.00","1,599.00",VJ-ONT,LADYS RING,DIANI,14KT,7,
VF-10292713,7/2/2026,231701,MEMO-EVPC-0378VA44W4BC,"14KT""BELLA.BY.OVANI""  LABGROWN DIAMOND CROSS PENDANT",MEMO-EVPC-0378VA44W4BC,HRSH,1,322,"3,599.00","2,699.25",899.75,VJ-FRE,PENDANT,BELLA OVAN,14KT,CROSS,
VF-10292713,7/2/2026,209694,636-00638,14KT YELLOW-GOLD CZ MULTI COLOR CROSS PENDANT,636-00638,SFCO,1,157,785,471,314,VJ-FRE,GOLD PNDTS,GOLD JEWL,14KT,CROSS,
CH-10002301,7/3/2026,224446-20,CMM 050 8L-3,"SILVER ""LINKNLOCK"" ROPE CHAIN",CMM 050 8L,COAR,1,60,240,40,200,VJ-CHAND,SLVR CHAIN,LINKNLOCK,-,20,
VL-10291022,7/2/2026,232151,EVBT-2414VA44W0,"10KT""NOVELLO-COLLECTION""  LABGROWN DIAMOND TENNIS BRACELET",EVBT-2414VA44W0,HRSH,1,663,"7,499.00","5,579.00","1,920.00",VJ-LIV,LADYS BRCL,NOVELLO,TENNIS,7,
VL-10291022,7/2/2026,L47092117,L47092117,LONGINESS CLASSIQUE SWISS MENS WATCH,L47092117,SWATCH GROUP LONGINES,1,742,"1,350.00",135,"1,215.00",VJ-LIV,LONGINES,WATCH,WOMEN,,
DB-10000015,7/4/2026,228955V,MBR25000329_Z,SILVER LABGROWN DIAMOND LINKNLOCK VERMEIL PLATED CUBAN BRACELET (NO WARRANTY),MBR25000329,MHVR,1,307,"1,389.00",89,"1,300.00",VJ-DEER,MENS BRCLT,LINKNLOCK,-,CUBAN,
VI-10292558,7/5/2026,239137-20,TD025-2,"10KT ""ULTIMATE VALUE"" YELLOW-GOLD D/C ROPE CHAIN (NO WARRANTY)",TD025,OX,1,154,239,0,239,VJ-VICTOR,GOLD CHAIN,GOLD JEWL,10KT,20,
VE-10293566,7/2/2026,230084S,MHS00034R-AME,SILVER LABGROWN DIAMOND LOVE-SPELL 2.00CT AMETHYST HALO RING,MHS00034R-AME,MHVR,1,48,229,0,229,VJ-EAST,B,LOVE,AMETHYST,BIRTHSTONE,
VF-10292714,7/3/2026,237372,DATEJUST-TT-41MM-NW-13,PRE-OWNED ROLEX TT 41MM SILVER WIMBLEDON DATEJUST OYSTER PERPETUAL WATCH,DATEJUST-TT-41MM-NW,BIG,1,"11,200.00","61,995.00","42,336.39","19,658.61",VJ-FRE,ROLEX,WATCH,MENS,41,
AT-10290426,7/4/2026,215520,EL230169W,"14KT""BELLA.BY.OVANI""  LABGROWN DIAMOND DOUBLE HEART STUDS EARRINGS",EL230169W,PNT,1,90,999,600,399,VJ-S.ANITA,EARRINGS,BELLA OVAN,14KT,HEART,
AT-10290426,7/4/2026,189518,P206435W,10KT DOUBLE HEART PENDANT,P206435W,PNT,1,184,"2,299.00","1,800.00",499,VJ-S.ANITA,PENDANT,,10KT,HEART,
AR-10291954,7/4/2026,220066,120-03100-60MM-2,14KT YELLOW-GOLD SOLID BANGLE,120-03100-60MM,SFCO,1,"1,949.00","9,745.00","4,323.71","5,421.29",VJ-ARDN,GOLD BANGL,GOLD JEWL,14KT,SCREW BANGLE,
GM-10292991,7/3/2026,233022,EVRR-0400VXA34W4-31,"14KT""NOVELLO-COLLECTION""  IGI CERT LABGROWN DIAMOND ROUND TRIO SET",EVRR-0400VXA34W4,HRSH,1,"1,582.00","17,499.00","11,648.66","5,850.34",DBC-GM,TRIO,NOVELLO,14KT,7,
VM-10293046,7/3/2026,105358,R12413613,RADO SWISS MENS WATCH,R12413613,SWATCH GROUP RADO,1,770,"1,400.00",0,"1,400.00",VJ-MOD,RADO,WATCH,MENS,AUTOMATIC,
VM-10293046,7/3/2026,166128,R12413523,RADO ORIGINAL WATCH,R12413523,SWATCH GROUP RADO,1,770,"1,400.00",0,"1,400.00",VJ-MOD,RADO,WATCH,MENS,AUTOMATIC,
NO-10001218,7/2/2026,228322,1TPDC235552A001,"SS""LINKNLOCK"" DRAGON PENDANT",1TPDC235552A001,KRMA,1,13,79,19.77,59.23,VJ-NORTH,SS PNDTS,LINKNLOCK,-,CROSS,
VB-10291238,7/1/2026,201338-26,KKVJ14641,14KT TRICOLOR-GOLD ROSARY,KKVJ14641,KGS,1,"2,173.00","10,865.00","7,493.18","3,371.82",VJ-BAKER,ROSARY,GOLD JEWL,14KT,26,
VE-10293557,7/1/2026,231717Y,MEMO-EVRM-1155VA44W0-1,"10KT ""LABGROWN DIAMOND""  SATIN FINISH GENTS RING",MEMO-EVRM-1155VA44W0,HRSH,1,452,"4,999.00","3,635.68","1,363.32",VJ-EAST,GENTS RING,NOVELLO,10KT,10,
VE-10293557,7/1/2026,239990Y,JRS90415EG4WXC0Q4-113,"14KT""NOVELLO-COLLECTION""  IGI CERT LABGROWN DIAMOND PRINCESS BRIDAL SET",JRS90415EG4WXC0Q4,KMA,1,"1,891.00","22,995.00","16,721.96","6,273.04",VJ-EAST,LADYS RING,NOVELLO,14KT,7,
AR-10291948,7/3/2026,209371-18,KKJ5442,14KT TRICOLOR-GOLD CURB CHAIN (NO WARRANTY),KKJ5442,KGS,1,448,"2,240.00","1,359.69",880.31,VJ-ARDN,GOLD CHAIN,GOLD JEWL,14KT,18,
AR-10291948,7/3/2026,217783,139-03857,"14KT""OROVENTI"" YELLOW-GOLD CRUCIFIX CROSS PENDANT (NO WARRANTY)",139-03857,SFCO,1,157,509,10,499,VJ-ARDN,GOLD PNDTS,OROVENTI,14KT,CROSS,
VS-10291900,7/5/2026,227665S,CO-MRF05001038,SILVER LABGROWN DIAMOND LOVE-SPELL  PEAR HALO COMPOSITE RING,CO-MRF05001038,MHVR,1,41,229,0,229,VJ-SERRA,LADYS RING,LOVE,"""--""",7,
VM-10293055,7/3/2026,195918,CO-351-60645-2,14KT ROSE-GOLD BAND,CO-351-60645,SFCO,1,717,"3,585.00","1,472.58","2,112.42",VJ-MOD,GOLD BANDS,GOLD JEWL,14KT,10,
CL-10290865,7/3/2026,235992,240-00323-3,"10KT""OROVENTI"" YELLOW-GOLD FLAT HOOPS (NO WARRANTY)",240-00323,SFCO,1,90,292,0,292,VJ-CULVER,GOLD HOOPS,OROVENTI,10KT,HOOPS,
IN-10291068,7/1/2026,196349Y,P224150W025-2,10KT HEART DIAMOND PENDANT,P224150W025,PNT,1,147,"1,799.00","1,432.10",366.9,VJ-INLND,PENDANT,,10KT,HEART,
PB-10291447,7/1/2026,220773,DATEJUST-SS-36MM-OLD-DB-03,PRE-OWNED ROLEX 36MM SS BLACK AFTERMARKET LAB GROWN DIAMOND BEZEL DATEJUST OYSTER PERPETUAL WATCH,DATEJUST-SS-36MM-OLD-DB,VIN,1,"2,650.00","13,995.00","8,661.67","5,333.33",VJ-PB,ROLEX,WATCH,MENS,36,
AT-10290430,7/4/2026,228328,STP3051-G,"SS""LINKNLOCK"" CRUCIFIX CROSS PENDANT",STP3051-G,KRMA,1,12,69.68,0,69.68,VJ-S.ANITA,SS PNDTS,LINKNLOCK,-,CROSS,
VM-10293043,7/2/2026,237322,EVEBS050VK5W0,"10KT""UV-NOVELLO"" LABGROWN DIAMOND RBC SOLITIARE STUDS",EVEBS050VK5W0,HRSH,1,105,"1,199.00",899.01,299.99,VJ-MOD,EARRINGS,NOVELLO,SOL STUDS,0.50 LESS,
ON-10292086,7/2/2026,177156-20,22KT-HKP0167-3-5,22KT GOLD HLW ROPE CHAIN,22KT-HKP0167-3,KGS,1,"2,059.00","10,295.00","7,195.00","3,100.00",VJ-ONT,GOLD CHAIN,GOLD JEWL,21-24KT,20,
GM-10293000,7/5/2026,236295Y,D68-2,14KT”AANIKA.V”  MULTICOLOR GEMSTONES 1.50CT BAND,D68,GMS,1,927,"10,499.00","8,499.00","2,000.00",DBC-GM,B,AANIKA.V,,BIRTHSTONE,
AR-10291944,7/1/2026,233763Y,JRX16052S-7,"10KT""LABGROWN DIAMOND""  GENTS RING",JRX16052S,KMA,1,"1,082.00","12,499.00","9,779.91","2,719.09",VJ-ARDN,GENTS RING,NOVELLO,10KT,10,
VM-10293034,7/1/2026,233319,EVRE-18435VXA34W4-36,"14KT""NOVELLO-COLLECTION""  IGI CERT LABGROWN DIAMOND PEAR HALO BRIDAL RING",EVRE-18435VXA34W4,HRSH,1,"1,019.00","12,995.00","10,423.36","2,571.64",VJ-MOD,LADYS RING,NOVELLO,14KT,7,
ON-10292093,7/4/2026,224890-20,CPC 135 8L-2,"SILVER ""LINKNLOCK"" ICE CHAIN",CPC 135 8L,COAR,1,17,119,27.28,91.72,VJ-ONT,SLVR CHAIN,LINKNLOCK,-,20,
VO-10292190,7/1/2026,233522Y,RE2737YR-2,14KT”AANIKA.V”  RUBY 0.60CT CLOVER STUDS EARRINGS,RE2737YR,RCN,1,340,"3,799.00","3,100.00",699,VJ-OAK,BE,AANIKA.V,RUBY,BIRTHSTONE,
ST-10292311,7/2/2026,223080,EVEPS100VK5W0-6,"14KT""UV-NOVELLO"" LABGROWN DIAMOND PC SOLITIARE STUDS",EVEPS100VK5W0,HRSH,1,255,"2,995.00","2,322.51",672.49,DBC-STOCK,EARRINGS,NOVELLO,SOL STUDS,1.00 CARAT,
ST-10292312,7/2/2026,216852,216852,"14KT""NOVELLO-COLLECTION""  IGI CERT LABGROWN DIAMOND SOLITAIRE RING",LGE+OVA3.00,VSU,1,897,"12,995.00","9,783.99","3,211.01",DBC-STOCK,LADYS RING,NOVELLO,SOL RING,3.00 CARAT,
VO-10292192,7/1/2026,163489,KKP5956-5,14KT YELLOW-GOLD FRANCO CHAIN (NO WARRANTY),KKP5956-5,KGS,1,213,"1,065.00",582,483,VJ-OAK,GOLD CHAIN,GOLD JEWL,14KT,20,
VO-10292192,7/1/2026,238868Y,CRUZAF0046,"10KT""BELLA.BY.OVANI""  LABGROWN DIAMOND CROSS PENDANT",CRUZAF0046,INFN,1,133,"1,799.00","1,483.00",316,VJ-OAK,PENDANT,BELLA OVAN,10KT,CROSS,
VF-10292712,7/2/2026,235997,240-00323-5,"10KT""OROVENTI"" YELLOW-GOLD FLAT HOOPS (NO WARRANTY)",240-00323,SFCO,1,74,240,18.5,221.5,VJ-FRE,GOLD HOOPS,OROVENTI,10KT,HOOPS,
VL-10291026,7/3/2026,232929Y,MV030W-18,"14KT""OVANI-COLLECTION""  IGI CERT LABGROWN DIAMOND PEAR BRIDAL RING",MV030W,VSU,1,"1,340.00","20,995.00","16,446.25","4,548.75",VJ-LIV,LADYS RING,OVANI,14KT,7,
VE-10293572,7/2/2026,240921Y,MPD04701476,"14KT""LAB DIAM"" NATURAL TREATED MULTICOLOR GEMS STONE CROSS PENDANT",MPD04701476,MHVR,1,901,"12,995.00","10,131.83","2,863.17",VJ-EAST,BP,,14KT,CROSS,
VE-10293572,7/2/2026,240921Y,MPD04701476,"14KT""LAB DIAM"" NATURAL TREATED MULTICOLOR GEMS STONE CROSS PENDANT",MPD04701476,MHVR,1,901,"12,995.00","10,130.90","2,864.10",VJ-EAST,BP,,14KT,CROSS,
AR-10291950,7/4/2026,042429597938,98C149,BULOVA WATCH,98C149,BULOVA,1,249.37,525,165.05,359.95,VJ-ARDN,BULOVA,WATCH,MENS,BATTERY,
CH-10002312,7/5/2026,210535R,E239119WOP-2,10KT 1.50CT OPAL HALO STUDS EARRINGS,E239119WOP,PNT,1,110,"1,499.00","1,183.70",315.3,VJ-CHAND,BE,B STONE,OPAL,BIRTHSTONE,
CH-10002312,7/5/2026,203887Y,P224155W1CJ020-1,10KT 2.75CT OPAL AND 0.50CT EMERALD HALO PENDANT,P224155W1CJ020,PNT,1,250,"3,199.00","2,239.30",959.7,VJ-CHAND,BP,B STONE,OPAL,BIRTHSTONE,
VI-10292549,7/4/2026,226253-S,MRF01001008,"SILVER LABGROWN DIAMOND LOVE-SPELL  INITIAL ""J""  RING",MRF01001008,MHVR,1,20,119,0,119,VJ-VICTOR,LADYS RING,LOVE,"""--""",7,
FA-10291296,7/3/2026,232435R,5N1488DWA-2,"14KT""BELLA.BY.OVANI""  BARREL PENDANT",5N1488DWA,GS,1,247,"2,799.00","2,071.73",727.27,VJ-VAL,PENDANT,BELLA OVAN,14KT,,
HE-10001361,7/3/2026,227160V,MER10000704-1,SILVER LABGROWN DIAMOND LOVE-SPELL VERMEIL FLOWER STUDS EARRINGS ( NO WARRANTY ),MER10000704,MHVR,1,73,329,0,329,VJ-HEND,EARRINGS,LOVE,"""--""",,
VS-10291886,7/2/2026,226786,DATEJUST-SS-36MM-OLD-DB-90,PRE-OWNED ROLEX 36MM SS PINK AFTERMARKET LAB GROWN DIAMOND BEZEL DATEJUST OYSTER PERPETUAL WATCH,DATEJUST-SS-36MM-OLD,REI,1,"3,599.00","17,995.00","8,766.34","9,228.66",VJ-SERRA,ROLEX,WATCH,MENS,36,
VS-10291886,7/2/2026,235007,SUBMARINER-TT-135,PRE-OWNED ROLEX TT 40MM CHAMPAGNE SUBMARINER DATE OYSTER PERPETUAL WATCH,SUBMARINER-TT,TCI,1,"9,300.00","51,995.00","31,845.00","20,150.00",VJ-SERRA,ROLEX,WATCH,MENS,40,
VM-10293042,7/2/2026,227889,227889,"14KT""NOVELLO-COLLECTION""  IGI CERT LABGROWN DIAMOND SOLITAIRE RING",LGE+PC1.00,KRA,1,394,"6,995.00","4,790.74","2,204.26",VJ-MOD,LADYS RING,NOVELLO,SOL RING,1.00 CARAT,
IN-10291078,7/3/2026,232155Y,EVBT-2465VA44W0-1,"10KT""NOVELLO-COLLECTION""  LABGROWN DIAMOND TENNIS BRACELET",EVBT-2465VA44W0,HRSH,1,"1,291.00","14,995.00","11,695.69","3,299.31",VJ-INLND,LADYS BRCL,NOVELLO,TENNIS,7,
IN-10291078,7/3/2026,227975V,MBR50000326-1,SILVER LABGROWN DIAMOND LOVE-SPELL VERMEIL TENNIS BRACELET (NO WARRANTY),MBR50000326,MHVR,1,355,"1,599.00",300.61,"1,298.39",VJ-INLND,LADYS BRCL,LOVE,"""--""",7,
ON-10292090,7/3/2026,235475,EVRE-23409VXA34W4-45,"14KT""NOVELLO-COLLECTION""  IGI CERT LABGROWN DIAMOND OVAL BRIDAL RING",EVRE-23409VXA34W4,HRSH,1,"1,130.00","15,995.00","12,795.00","3,200.00",VJ-ONT,LADYS RING,NOVELLO,14KT,7,
GM-10292985,7/2/2026,234389V,MRF10001093-1,SILVER LABGROWN DIAMOND LINKNLOCK VERMEIL PLATED MENS RING (NO WARRANTY),MRF10001093,MHVR,1,114,459,0,459,DBC-GM,GENTS RING,LINKNLOCK,-,10,
GM-10292985,7/2/2026,191051,DATEJUST-TT-36MM-NW-110,PRE-OWNED ROLEX 36MM TT WHITE DATEJUST OYSTER PERPETUAL WATCH,DATEJUST-TT-36MM-NW,RA,1,"9,520.00","47,995.00","29,181.27","18,813.73",DBC-GM,ROLEX,WATCH,MENS,36,
ST-10292321,7/5/2026,197347-24,UKHI000056-3-6,14KT YELLOW GOLD HLW FIGARO CHAIN,UKHI000056-3,KGS,1,"1,915.00","9,575.00","5,630.04","3,944.96",DBC-STOCK,GOLD CHAIN,GOLD JEWL,14KT,24,
ST-10292321,7/5/2026,194837,000-09187,14KT YELLOW-GOLD CZ VIRGIN MARY SQUARE PENDANT,000-09187,SFCO,1,672,"3,360.00","2,075.60","1,284.40",DBC-STOCK,GOLD PNDTS,GOLD JEWL,14KT,,
VB-10291249,7/4/2026,155820,22KT-HKH0557-4-1,22KT GOLD HLW DOUBLE LINK CHAIN,22KT-HKH0557-4,KGS,1,"5,917.00","29,585.00","19,609.25","9,975.75",VJ-BAKER,GOLD CHAIN,GOLD JEWL,21-24KT,24,
IN-10291075,7/3/2026,210585Y,P220017WRJ016-4,"10KT”AANIKA.V”""NOVELLO-COLLECTION""  LABGROWN DIAMOND 1.00CT RUBY HALO PENDANT",P220017WRJ016,PNT,1,156,"1,899.00","1,348.20",550.8,VJ-INLND,BP,AANIKA.V,RUBY,BIRTHSTONE,
VO-10292195,7/3/2026,238402,TR-1070,TUNGSTEN BAND 8MM,TR-1070,JD,1,14,299,127.99,171.01,VJ-OAK,TUNGS BAND,,,7.5,
HE-10001367,7/5/2026,160443,MP01622A,SILVER LOVE-SPELL CZ PENDANT,MP01622A,ENDLESS SILVER,1,8,39.52,0,39.52,VJ-HEND,SILVER PDT,LOVE,"""--""",HEART,
PB-10291446,7/1/2026,0608063,0608063,MOVADO MUSEUM BANGLE WATCH,0608063,MOVADO,1,466,895,42.5,852.5,VJ-PB,MOVADO,WATCH,WOMEN,BATTERY,
VR-102291078,7/4/2026,CF18674914KW09.5,CF18674914KW09.5,"14KT""BENCHMARK""  GOLD BAND 6MM KNURLED SATIN CENTER",CF18674914KW09.5,BENCHMARK,1,877,"3,947.00","1,534.00","2,413.00",VJ-ROSE,GOLD BANDS,DESIGNER,14KT,9.5,
VI-10292556,7/5/2026,207865,SFPD1099,"10KT""UV-NOVELLO""  LABGROWN DIAMOND CIRCLE OF LIFE INFINITY PENDANT",SFPD1099,SNFLR,1,168,"1,899.00","1,577.16",321.84,VJ-VICTOR,PENDANT,NOVELLO,UV,INFINITY,
AT-10290425,7/2/2026,224614-8,TD 080 6LC,"SILVER ""LINKNLOCK"" MARINER BRACELET",TD 080 6LC,COAR,1,22,154.75,0,154.75,VJ-S.ANITA,SILVR BRCL,LINKNLOCK,-,8,
VS-10291885,7/1/2026,221723,221723,"14KT""NOVELLO-COLLECTION""  IGI CERT LABGROWN DIAMOND SOLITAIRE RING",LGE+PEA2.00,KRA,1,503,"10,995.00","8,495.01","2,499.99",VJ-SERRA,LADYS RING,NOVELLO,SOL RING,2.00 CARAT,
VS-10291885,7/1/2026,216215,RPAB1/4-16,"14KT""LABGROWN DIAMOND""  ROUND-PRONG ANNIVERSARY BAND",RPAB1/4,JLX,1,259,"2,899.00","2,399.01",499.99,VJ-SERRA,LADYS RING,NOVELLO,AB,7,
ST-10292310,7/2/2026,229711,ORAG3505/20,SILVER LOVE-SPELL HOOPS EARRINGS ( NO WARRANTY ),ORAG3505/20,LGTS,1,20,80,0,80,DBC-STOCK,SILVER ERG,LOVE,,20,
VM-10293052,7/3/2026,232372Y,MV014W-14,"14KT""OVANI-COLLECTION""  IGI CERT LABGROWN DIAMOND ROUND BRIDAL RING",MV014W,VSU,1,706,"8,995.00","6,882.58","2,112.42",VJ-MOD,LADYS RING,OVANI,14KT,7,
VO-10292203,7/4/2026,239659S,MBR14500335-OPAL,SILVER LABGROWN DIAMOND LOVE-SPELL OPAL FLOWER BRACELET,MBR14500335-OPAL,MHVR,1,92,599,0,599,VJ-OAK,BB,LOVE,OPAL,BIRTHSTONE,
VO-10292203,7/4/2026,225384-22,GR 120 6L-2,"SILVER ""LINKNLOCK"" CURB CHAIN",GR 120 6L,COAR,1,92,368,0,368,VJ-OAK,SLVR CHAIN,LINKNLOCK,-,22,
VO-10292203,7/4/2026,224601-22,VAL 050 DST-4,"SILVER ""LINKNLOCK"" VALENTINO CHAIN ( NO WARRANTY )",VAL 050 DST,COAR,1,35,175,0,175,VJ-OAK,SLVR CHAIN,LINKNLOCK,-,22,
IN-10291072,7/2/2026,237363-20,ST020-2,"10KT ""ULTIMATE VALUE"" YELLOW-GOLD D/C SINGAPORE CHAIN (NO WARRANTY)",ST020,OX,1,91,159,0,159,VJ-INLND,GOLD CHAIN,GOLD JEWL,UV,20,
IN-10291072,7/2/2026,222981,SWEET15-PNDTS-11,14KT 2TONE-GOLD CZ SWEET-15 CROWN PENDANT (NO WARRANTY),SWEET15-PNDTS-10,GVO,1,202,"1,010.00",610,400,VJ-INLND,GOLD PNDTS,QUINCE,14KT,,
IN-10291072,7/2/2026,222981,SWEET15-PNDTS-11,14KT 2TONE-GOLD CZ SWEET-15 CROWN PENDANT (NO WARRANTY),SWEET15-PNDTS-10,GVO,1,202,"1,010.00",610,400,VJ-INLND,GOLD PNDTS,QUINCE,14KT,,
IN-10291072,7/2/2026,153913R,RB-6952VA78W0-2,"10KT""EVER AFTER"" BRIDAL SET",RB-6952VA78W0,HRSH,1,218,"2,499.00","1,368.15","1,130.85",VJ-INLND,LADYS RING,EA,,,
IN-10291072,7/2/2026,237365-18,ST025-1,"10KT ""ULTIMATE VALUE"" YELLOW-GOLD D/C SINGAPORE CHAIN (NO WARRANTY)",ST025,OX,1,118,209,0,209,VJ-INLND,GOLD CHAIN,GOLD JEWL,UV,18,
PA-10001358,7/3/2026,237357-20,VZ012-1,"10KT ""ULTIMATE VALUE"" YELLOW-GOLD BOX CHAIN (NO WARRANTY)",VZ012,OX,1,105,179,0,179,VJ-PALM,GOLD CHAIN,GOLD JEWL,UV,20,
PA-10001358,7/3/2026,234928,139-03549-1,"10KT""OROVENTI"" TRICOLOR-GOLD CROSS PENDANT",139-03549,SFCO,1,97,319,0,319,VJ-PALM,GOLD PNDTS,OROVENTI,10KT,CROSS,
HE-10001356,7/2/2026,232241,MV045W,"14KT""NOVELLO-COLLECTION""  LABGROWN DIAMOND ROUND PRONG ANNIVERSARY BAND",MV045W,VSU,1,317,"3,599.00","2,748.50",850.5,VJ-HEND,LADYS RING,NOVELLO,AB,7,
GM-10292987,7/2/2026,228476-8.5,1TB0G243421C001,"SS""LINKNLOCK"" ROUND FRANCO BRACELET",1TB0G243421C001,KRMA,1,14,79,0,79,DBC-GM,SS BRCL,LINKNLOCK,-,CUBAN,
GM-10292987,7/2/2026,197361-30,UKHG000036-9-10,14KT YELLOW-GOLD HLW CUBAN CHAIN,UKHG000036-9,KGS,1,"4,570.00","22,850.00","12,474.45","10,375.55",DBC-GM,GOLD CHAIN,GOLD JEWL,14KT,30,
VR-102291062,7/2/2026,230413,EVRB-11683VXA34W4-30,"14KT""NOVELLO-COLLECTION""  IGI CERT LABGROWN DIAMOND ROUND BRIDAL SET",EVRB-11683VXA34W4,HRSH,1,"1,379.00","15,995.00","12,283.63","3,711.37",VJ-ROSE,LADYS RING,NOVELLO,14KT,7,
VM-10293056,7/3/2026,239267Y,JR178533TG4WXENQ4-21,"14KT""OVANI-COLLECTION""  IGI CERT LABGROWN DIAMOND HIDDEN HALO OVAL BRIDAL RING",JR178533TG4WXENQ4,KMA,1,768,"11,995.00","8,696.00","3,299.00",VJ-MOD,LADYS RING,OVANI,14KT,7,
VF-10292724,7/5/2026,3601185,3601185,MOVADO BOLD WATCH,3601185,MOVADO,1,518,995,302.8,692.2,VJ-FRE,MOVADO,WATCH,MENS,BATTERY,
VL-10291028,7/4/2026,162698,L57574710,LONGINES WATCH,L57574710,SWATCH GROUP LONGINES,1,"1,017.50","2,000.00",200,"1,800.00",VJ-LIV,LONGINES,WATCH,MENS,,
VL-10291028,7/4/2026,232257,MV053W,"14KT""NOVELLO-COLLECTION""  LABGROWN DIAMOND OVAL BAND",MV053W,VSU,1,727,"8,199.00","6,299.00","1,900.00",VJ-LIV,LADYS RING,NOVELLO,14KT,7,
FA-10291302,7/4/2026,231912,LN0071DWA-3,"14KT""BELLA.BY.OVANI""  CIRCLE OF LIFE NECKLACE",LN0071DWA,GS,1,215,"2,399.00","1,662.64",736.36,VJ-VAL,FANCY NECK,BELLA OVAN,14KT,,
PA-10001353,7/1/2026,231622S,MV066-SL,"SILVER""LAB-GROWN"" DIAMOND ULTIMATE VALUE HOOPS",MV066-SL,VSU,1,126,299,0,299,VJ-PALM,EARRINGS,NOVELLO,UV,HOOPS,
HE-10001355,7/2/2026,222608,HEART-NUGGET-PNDT-6,14KT YELLOW-GOLD CZ NUGGET HEART PENDANT (NO WARRANTY),HEART-NUGGET-PNDT-6,SAF,1,224,"1,120.00",532,588,VJ-HEND,GOLD PNDTS,GOLD JEWL,14KT,,
VI-10292539,7/1/2026,208954,P224036W020-3,"10KT""LABGROWN DIAMOND""  INITIAL ""L""  PENDANT",P224036W020,PNT,1,168,"1,899.00","1,329.30",569.7,VJ-VICTOR,PENDANT,NOVELLO,10KT,INITIAL,
DB-10000014,7/3/2026,226189-V,MRF02001000-1,SILVER LABGROWN DIAMOND LOVE-SPELL VERMEIL PLATED  PEAR COMPOSITE RING ( NO WARRANTY ),MRF02001000,MHVR,1,31,149,0,149,VJ-DEER,LADYS RING,LOVE,"""--""",7,
FA-10291303,7/4/2026,239052,ER-LGE+RBC3.00-101,"14KT""NOVELLO-COLLECTION""  IGI CERT LABGROWN DIAMOND RBC SOLITAIRE STUDS",ER-LGE+RBC3.00,KRA,1,576,"10,995.00","8,085.91","2,909.09",VJ-VAL,EARRINGS,NOVELLO,SOL STUDS,3.00 CARAT,
VL-10291025,7/3/2026,228475-8.5,1TB0W243421D001,"SS""LINKNLOCK"" FRANCO BRACELET",1TB0W243421D001,KRMA,1,13,79,7.9,71.1,VJ-LIV,SS BRCL,LINKNLOCK,-,8.5,
VL-10291025,7/3/2026,228373-26,STN1266-3-0W,"SS""LINKNLOCK"" SILVER COLOR FRANCO CHAIN",STN1266-3-0W,KRMA,1,14,79,7.9,71.1,VJ-LIV,SS CHAIN,LINKNLOCK,-,26,
VE-10293595,7/5/2026,187939,DMR-38-JESUS,14KT YELLOW-GOLD JESUS ROUND PENDANT,DMR-38-JESUS,OB,1,123,615,303.15,311.85,VJ-EAST,GOLD PNDTS,GOLD JEWL,14KT,,
VE-10293595,7/5/2026,042429564756,98E116,BULOVA VALLIANI EXCLUSIVE USA,98E116,BULOVA,1,310,650,0,650,VJ-EAST,BULOVA,WATCH,MENS,BATTERY,
VE-10293595,7/5/2026,154858,UKPC000078-7-4,14KT YELLOW-GOLD D/C HLW ROPE CHAIN 2MM (NO WARRANTY),UKPC000078-7,KGS,1,370,"1,850.00",911.85,938.15,VJ-EAST,GOLD CHAIN,GOLD JEWL,14KT,24,
VS-10291891,7/3/2026,209922,EL210063W150,"10KT""BELLA.BY.OVANI""  LABGROWN DIAMOND HOOPS EARRINGS",EL210063W150,PNT,1,481,"5,995.00","4,165.64","1,829.36",VJ-SERRA,EARRINGS,BELLA OVAN,10KT,HOOPS,
VL-10291027,7/4/2026,042429581159,98D165,BULOVA WATCH,98D165,BULOVA,1,249.37,525,131.25,393.75,VJ-LIV,BULOVA,WATCH,MENS,BATTERY,
VL-10291030,7/4/2026,175564WR,8131RM15-CB-COMP-1,"18KT""OVANI-COLLECTION""  BRIDAL RING",8131RM15-CB-COMP,CNF,1,"3,024.00","33,995.00","25,885.00","8,110.00",VJ-LIV,LADYS RING,OVANI,18KT,,
VL-10291038,7/5/2026,190397Y,RG5560-1,14KT CROSS RING,RG5560,SAF,1,193,"2,199.00","1,714.00",485,VJ-LIV,LADYS RING,,14KT,CROSS,
VI-10292541,7/1/2026,231681Y,MEMO-EVEF-7099VA44W0-1,"10KT""BELLA.BY.OVANI""  LABGROWN DIAMOND HOOPS EARRINGS",MEMO-EVEF-7099VA44W0,HRSH,1,245,"2,699.00","2,188.65",510.35,VJ-VICTOR,EARRINGS,BELLA OVAN,10KT,HOOPS,
IN-10291088,7/4/2026,236266-7.5,PSL-244,10KT YELLOW-GOLD HEART CHARM ID BRACELET ( NO WARRANTY ),PSL-244,TRCO,1,143,715,464.75,250.25,VJ-INLND,GOLD ID,GOLD JEWL,10KT,7.5,
IN-10291088,7/4/2026,239134-18,GC050-2,"10KT ""ULTIMATE VALUE"" 2TONE-GOLD D/C VALENTINO CHAIN (NO WARRANTY)",GC050,OX,1,254,459.77,0,459.77,VJ-INLND,GOLD CHAIN,GOLD JEWL,10KT,18,
IN-10291088,7/4/2026,220066,120-03100-60MM-2,14KT YELLOW-GOLD SOLID BANGLE,120-03100-60MM,SFCO,1,"1,949.00","9,745.00","6,369.43","3,375.57",VJ-INLND,GOLD BANGL,GOLD JEWL,14KT,SCREW BANGLE,
IN-10291088,7/4/2026,236268-7.5,PSL-249,10KT YELLOW-GOLD CROSS CHARM ID BRACELET ( NO WARRANTY ),PSL-249,TRCO,1,135,675,438.75,236.25,VJ-INLND,GOLD ID,GOLD JEWL,10KT,7.5,
VE-10293579,7/4/2026,236157Y,EVNM-1130VXA34W4-36,"14KT""BELLA.BY.OVANI"" IGI CERT LABGROWN DIAMOND PEAR SOLITIARE PENDANT",EVNM-1130VXA34W4,HRSH,1,"1,006.00","11,499.00","8,701.86","2,797.14",VJ-EAST,FANCY NECK,BELLA OVAN,14KT,,
VE-10293579,7/4/2026,197928-20,KKP5418-2-6,14KT YELLOW-GOLD PAVE CURB CHAIN (NO WARRANTY),KKP5418-2,KGS,1,851,"4,255.00","2,127.50","2,127.50",VJ-EAST,GOLD CHAIN,GOLD JEWL,14KT,20,
VE-10293579,7/4/2026,227537-8,711-20055-5,"14KT""OROVENTI"" YELLOW-GOLD PAPERCLIP BRACELET (NO WARRANTY)",711-20055-1,SFCO,1,134,439,0,439,VJ-EAST,GOLD ID,OROVENTI,14KT,8,
VL-10291019,7/2/2026,186285,RE-14508-TPK-0W,10KT INFINITY HALO RING,RE-14508-TPK-0W,HRSH,1,623,"6,999.00","4,727.99","2,271.01",VJ-LIV,LADYS RING,,10KT,INFINITY,
VM-10293057,7/3/2026,217828,0607866,MOVADO WATCH,0607866,MOVADO,1,726,"1,395.00",277.9,"1,117.10",VJ-MOD,MOVADO,WATCH,WOMEN,BATTERY,
VM-10293057,7/3/2026,0607716,0607716,MOVADO WATCH,0607716,MOVADO,1,518,995,195,800,VJ-MOD,MOVADO,WATCH,WOMEN,BATTERY,
VE-10293587,7/5/2026,223174,JR149664TG4WXENQ4-5,"14KT""NOVELLO-COLLECTION""  IGI CERT  LABGROWN DIAMOND PEAR BRIDAL RING",JR149664TG4WXENQ4,KMA,1,"1,019.00","15,995.00","8,752.46","7,242.54",VJ-EAST,LADYS RING,NOVELLO,14KT,7,
VL-10291040,7/5/2026,227856,227856,"14KT""NOVELLO-COLLECTION""  IGI CERT LABGROWN DIAMOND SOLITAIRE RING",LGE+MAR3.00,KRA,1,824,"15,995.00","13,025.00","2,970.00",VJ-LIV,LADYS RING,NOVELLO,SOL RING,3.00 CARAT,
GM-10292994,7/3/2026,176725Y,YG707,14KT YELLOW PUSHBACK EARRING BACK [S],YG707,QUALITY GOLD,1,16,50,7.18,42.82,DBC-GM,TRAY,,,,
GM-10292994,7/3/2026,198645,YG2847,14KY 8.0MM ROUND JUMP RING,YG2847,QUALITY GOLD,1,46,140,21,119,DBC-GM,TRAY,,,,
DB-10000006,7/1/2026,234573Y,TL253025W-1,"10KT""BELLA.BY.OVANI""  LABGROWN DIAMOND MARQUISE TENNIS BRACELET",TL253025W,PNT,1,600,"7,499.00","4,700.00","2,799.00",VJ-DEER,LADYS BRCL,BELLA OVAN,10KT,7.25,
DB-10000006,7/1/2026,238939,238939,"14KT""NOVELLO-COLLECTION""  IGI CERT LABGROWN DIAMOND SOLITAIRE RING",LGE+MAR3.00,KRA,1,643,"12,995.00","10,196.00","2,799.00",VJ-DEER,LADYS RING,NOVELLO,SOL RING,3.00 CARAT,
VS-10291895,7/4/2026,223692,JRD166737G4WXENQ4-20,"14KT""NOVELLO-COLLECTION""  IGI CERT LABGROWN DIAMOND PRINCESS BRIDAL RING",JRD166737G4WXENQ4,KMA,1,976,"12,995.00","8,770.97","4,224.03",VJ-SERRA,LADYS RING,NOVELLO,14KT,7,
VS-10291888,7/3/2026,227979S,CO-MHS00013E,SILVER LABGROWN DIAMOND LOVE-SPELL HALO STUD EARRINGS,CO-MHS00013E,MHVR,1,43,219,0,219,VJ-SERRA,EARRINGS,LOVE,"""--""",,
GM-10292988,7/2/2026,236515,DATE-TT-26MM-OLD-DB-2,PRE-OWNED ROLEX TT 26MM CHAMPAGNE AFTERMARKET LAB GROWN DIAMOND BEZEL,DATE-TT-26MM-OLD-DB,BMJ,1,"2,659.00","14,995.00","9,540.45","5,454.55",DBC-GM,ROLEX,WATCH,WOMEN,26,
ST-10292319,7/4/2026,207867,SFRG173,"10KT""UV-NOVELLO""  LABGROWN DIAMOND 3-STONE PC LADYS RING",SFRG173,SNFLR,1,335,"3,999.00","2,800.00","1,199.00",DBC-STOCK,LADYS RING,NOVELLO,UV,7,
PB-10291461,7/5/2026,106572,R12413493,RADO DIASTAR AUTOMATIC WATCH,R12413493,SWATCH GROUP RADO,1,770,"1,400.00",194,"1,206.00",VJ-PB,RADO,WATCH,MENS,AUTOMATIC,
PB-10291461,7/5/2026,122391,R12413314,RADO SWISS GENTS WATCH,R12413314,SWATCH GROUP RADO,1,990,"1,800.00",247.38,"1,552.62",VJ-PB,RADO,WATCH,MENS,AUTOMATIC,
PB-10291460,7/4/2026,228351-8.5,1TB0W234216B001,"SS""LINKNLOCK"" BLACK ONYX BEADS BRACELET",1TB0W234216B001,KRMA,1,13,79,6.85,72.15,VJ-PB,SS BRCL,LINKNLOCK,-,8.5,
PB-10291460,7/4/2026,228362-8.5,KTB180323C,"SS""LINKNLOCK"" BLACK CZ BOX ID BRACELET",KTB180323C,KRMA,1,13,79,6.85,72.15,VJ-PB,SS BRCL,LINKNLOCK,-,8.5,
PB-10291460,7/4/2026,228353-8.5,1TB0W224337B001,"SS""LINKNLOCK"" MATT BLACK ONYX AND MALACHITE BEADS BRACELET",1TB0W224337B001,KRMA,1,12,69.06,0.01,69.05,VJ-PB,SS BRCL,LINKNLOCK,-,8.5,
VI-10292543,7/2/2026,8.89232E+11,GGB100-1A9,G-SHOCK WATCH,GGB100-1A9,G-SHOCK,1,210,420,111.95,308.05,VJ-VICTOR,G-SHOCK,WATCH,MENS,,
VE-10293589,7/5/2026,118921,TR-211-5,TUNGSTEN CARBIDE BAND 8MM,TR-211,JD,1,12,299,149,150,VJ-EAST,TUNGS BAND,,,10,
GM-10293003,7/5/2026,230458Y,EVRE-24305VXA22W4-6,"14KT""NOVELLO-COLLECTION""  IGI CERT LABGROWN DIAMOND MARQUISE BRIDAL RING",EVRE-24305VXA22W4,HRSH,1,"1,314.00","20,995.00","15,904.99","5,090.01",DBC-GM,LADYS RING,NOVELLO,14KT,7,
AR-10291953,7/4/2026,190188Y,P212150-1,14KT MOTHER MARY PENDANT,P212150,PNT,1,301,"3,699.00","2,589.30","1,109.70",VJ-ARDN,PENDANT,,14KT,,
AR-10291953,7/4/2026,239133-20,TD040-2,"10KT ""ULTIMATE VALUE"" YELLOW-GOLD D/C ROPE CHAIN (NO WARRANTY)",TD040,OX,1,407,619,0,619,VJ-ARDN,GOLD CHAIN,GOLD JEWL,10KT,20,
AR-10291953,7/4/2026,172267Y,EVEBS100VK5W0-10,"14KT""ULTIMATE-VALUE""  RBC SOLITAIRE STUDS",EVEBS100VK5W0,HRSH,1,695,"7,599.00","5,700.10","1,898.90",VJ-ARDN,EARRINGS,NATURAL,SOL STUDS,1.00 CARAT,
VE-10293561,7/1/2026,237606Y,MRF38001181-11,"10KT""NOVELLO-COLLECTION""  IGI CERT LABGROWN DIAMOND OVAL BAGUETTE BRIDAL RING",MRF38001181,MHVR,1,"1,397.00","13,995.00","8,207.01","5,787.99",VJ-EAST,LADYS RING,NOVELLO,10KT,7,
VR-102291081,7/5/2026,226041-S,CO-MER03300681,SILVER LABGROWN DIAMOND LOVE-SPELL  JOURNEY EARRINGS,CO-MER03300681,MHVR,1,29,139,0,139,VJ-ROSE,EARRINGS,LOVE,"""--""",,
VR-102291081,7/5/2026,227473S,CO-MPD06501314-A,SILVER LABGROWN DIAMOND LOVE-SPELL  SOLITIARE PENDANT,CO-MPD06501314-A,MHVR,1,57,319,0,319,VJ-ROSE,PENDANT,LOVE,"""--""",,
VR-102291081,7/5/2026,228043S,MBR10000324,SILVER LABGROWN DIAMOND LOVE-SPELL TENNIS BRACELET,MBR10000324,MHVR,1,87,549,0,549,VJ-ROSE,LADYS BRCL,LOVE,"""--""",7,
NO-10001228,7/5/2026,197438-8,KKP5946-2-7,14KT YELLOW-GOLD MIAMI CUBAN ID 3MM,KKP5946-2,KGS,1,750,"3,750.00","1,927.68","1,822.32",VJ-NORTH,GOLD ID,GOLD JEWL,14KT,8,
CH-10002306,7/4/2026,042429587779,96A270,BULOVA SURVEYOR WATCH,96A270,BULOVA,1,249.37,525,105,420,VJ-CHAND,BULOVA,WATCH,MENS,AUTOMATIC,
CH-10002289,7/1/2026,228546,ER-LGE+RBC2.00-184,"14KT""NOVELLO-COLLECTION""  IGI CERT LABGROWN DIAMOND RBC SOLITAIRE STUDS",ER-LGE+RBC2.00,KRA,1,431,"6,995.00","5,595.00","1,400.00",VJ-CHAND,EARRINGS,NOVELLO,SOL STUDS,2.00 CARAT,
PA-10001355,7/1/2026,237326Y,EVEBS100VK5W0-1,"10KT""UV-NOVELLO"" LABGROWN DIAMOND RBC SOLITIARE STUDS",EVEBS100VK5W0,HRSH,1,160,"1,899.00","1,539.45",359.55,VJ-PALM,EARRINGS,NOVELLO,SOL STUDS,1.00 CARAT,
IN-10291080,7/3/2026,237284,MV150W,"14KT""OVANI-COLLECTION""  IGI CERT LABGROWN DIAMOND HIDDEN HALO EMERALD BRIDAL SET",MV150W,VSU,1,"1,724.00","23,995.00","18,845.57","5,149.43",VJ-INLND,LADYS RING,OVANI,14KT,7,
DB-10000008,7/2/2026,239129-22,TD060-1,"10KT ""ULTIMATE VALUE"" YELLOW-GOLD D/C ROPE CHAIN",TD060,OX,1,"1,226.00","1,839.00",0,"1,839.00",VJ-DEER,GOLD CHAIN,GOLD JEWL,10KT,22,
DB-10000008,7/2/2026,232713,CRP-20,10KT YELLOW-GOLD CZ CRUCUFIX CROSS PENDANT ( NO WARRANTY ),CRP-20,TRCO,1,154,770,0,770,VJ-DEER,GOLD PNDTS,GOLD JEWL,10KT,CROSS,
VR-102291084,7/5/2026,231371Y,JRS90516HG4WX1WQ4-32,"14KT""NOVELLO-COLLECTION""  IGI CERT LABGROWN DIAMOND ROUND BRIDAL SET",JRS90516HG4WX1WQ4,KMA,1,"1,537.00","21,995.00","16,890.60","5,104.40",VJ-ROSE,LADYS RING,NOVELLO,SEMIMOUNT,7,
VR-102291075,7/3/2026,201066-24,HKR-012-M,24KT GOLD BARREL ROLO LINK CHAIN,HKR-012-M,GLBL,1,"4,343.00","21,715.00","11,042.15","10,672.85",VJ-ROSE,GOLD CHAIN,GOLD JEWL,21-24KT,24,
PB-10291459,7/4/2026,153813,PCAB1/2-8,14KT-PRINCESS-CHANNEL  ANNIVERSARY BAND,PCAB1/2,JLX,1,382,"4,599.00","3,549.00","1,050.00",VJ-PB,LADYS RING,,AB,7,
VS-10291882,7/1/2026,232777,LT2-123,10KT TRICOLOR-GOLD CZ CRUCUFIX CROSS PENDANT ( NO WARRANTY ),LT2-123,TRCO,1,81,405,206,199,VJ-SERRA,GOLD PNDTS,GOLD JEWL,10KT,CROSS,
VS-10291882,7/1/2026,237361-16,ST020,"10KT ""ULTIMATE VALUE"" YELLOW-GOLD D/C SINGAPORE CHAIN (NO WARRANTY)",ST020,OX,1,77,139,0,139,VJ-SERRA,GOLD CHAIN,GOLD JEWL,UV,16,
VR-102291083,7/5/2026,229471-18,NEA1049-18,24KT GOLD D/C WHEAT LINK WITH BAR NECKLACE,"NEA1049-18""",24-GS,1,"1,090.00","5,450.00","2,945.13","2,504.87",VJ-ROSE,GOLD CHAIN,GOLD JEWL,21-24KT,,
AR-10291941,7/1/2026,183844,R200423W-75,"14KT""NOVELLO-COLLECTION""  LABGROWN DIAMOND PEAR SHAPE HALO RING",R200423W-75,PNT,1,808,"9,999.00","7,395.82","2,603.18",VJ-ARDN,LADYS RING,NOVELLO,,7,
VB-10291239,7/1/2026,225249-8,G 090 2L,"SILVER ""LINKNLOCK"" CURB BRACELET ( NO WARRANTY )",G 090 2L,COAR,1,27,108,15.62,92.38,VJ-BAKER,SILVR BRCL,LINKNLOCK,-,8,
VR-102291069,7/3/2026,216211,RPAB1/3-8,"14KT""LABGROWN-DIAMOND""  ROUND-PRONG ANNIVERSARY BAND",RPAB1/3,JLX,1,270,"3,099.00","2,263.73",835.27,VJ-ROSE,LADYS RING,NOVELLO,AB,7,
VR-102291069,7/3/2026,217766,SFPD1104,"10KT""UV-NOVELLO"" LABGROWN DIAMOND RBC SOLITIARE PENDANT",SFPD1104,SNFLR,1,250,"2,999.00","2,442.16",556.84,VJ-ROSE,PENDANT,NOVELLO,UV,1.00 CARAT,
CH-10002296,7/3/2026,236006,240-00810-1,"10KT""OROVENTI"" 2TONE-GOLD FANCY HOOPS (NO WARRANTY)",240-00810,SFCO,1,99,319,0,319,VJ-CHAND,GOLD HOOPS,OROVENTI,10KT,HOOPS,
NO-10001226,7/5/2026,197407-22,KKP5356-2-5,14KT YELLOW-GOLD FIGARO CHAIN,KKP5356-2,KGS,1,"2,722.00","13,610.00","7,688.36","5,921.64",VJ-NORTH,GOLD CHAIN,GOLD JEWL,14KT,22,
VF-10292709,7/1/2026,207490,R30008742,RADO WATCH,R30008742,SWATCH GROUP RADO,1,"1,650.00","3,000.00",540,"2,460.00",VJ-FRE,RADO,WATCH,MENS,AUTOMATIC,
VF-10292709,7/1/2026,183556Y,RU230263-2,"18KT""OVANI-COLLECTION""  CZ CNTR SEMIMOUNT",RU230263,GM,1,500,"5,999.00","4,499.25","1,499.75",VJ-FRE,LADYS RING,OVANI,SEMIMOUNT,,
VF-10292721,7/5/2026,225774,DATEJUST-YG-26MM-OLD-DB,PRE-OWNED ROLEX 26MM GOLD AFTERMARKET DIAMOND BEZEL DATEJUST AFTERMARKET DIAMOND BEZEL DATEJUST OYS,DATEJUST-YG-26MM-OLD-DB,JHJ,1,"5,483.00","27,995.00","17,842.72","10,152.28",VJ-FRE,ROLEX,WATCH,WOMEN,26,
VL-10291031,7/4/2026,232830Y,MV024-W-1,"14KT""OVANI-COLLECTION""  LABGROWN DIAMOND DOUBLE VISION HOOPS EARRINGS",MV024-W,VSU,1,"1,938.00","22,995.00","17,320.00","5,675.00",VJ-LIV,EARRINGS,OVANI,14KT,,
VR-102291080,7/5/2026,217553,MHS00002R-3,"10KT""ETERNAL VOW""  LABGROWN DIAMOND HALO PROMISE RING",MHS00002R,MHVR,1,203,"2,299.00","1,549.00",750,VJ-ROSE,LADYS RING,NOVELLO,ETERNAL-VOW,7,
VF-10292722,7/5/2026,042429548015,98A179,BULOVA  WATCH,98A179,BULOVA,1,356.25,750,150.09,599.91,VJ-FRE,BULOVA,WATCH,MENS,AUTOMATIC,
CH-10002307,7/4/2026,218068Y,EVRG-0378VA44W4-2,"14KT""LABGROWN DIAMOND""  ENHANCER BAND",EVRG-0378VA44W4,HRSH,1,350,"3,999.00","2,799.00","1,200.00",VJ-CHAND,LADYS RING,NOVELLO,14KT,7,
CH-10002307,7/4/2026,217300Y,CLOSEOUT-14,10KT DIAMOND GENTS BAND,CLOSEOUT,CUSTBB,1,495,"5,999.00","4,399.01","1,599.99",VJ-CHAND,GENTS RING,,10KT,9.5,
PB-10291449,7/2/2026,228949S,CO-MBR20000343,SILVER LABGROWN DIAMOND LOVE-SPELL DOUBLE TENNIS BRACELET,CO-MBR20000343,MHVR,1,158,"1,129.00",0,"1,129.00",VJ-PB,LADYS BRCL,LOVE,"""--""",7,
CH-10002297,7/3/2026,163489,KKP5956-5,14KT YELLOW-GOLD FRANCO CHAIN (NO WARRANTY),KKP5956-5,KGS,1,213,"1,065.00",564.45,500.55,VJ-CHAND,GOLD CHAIN,GOLD JEWL,14KT,20,
VO-10292191,7/1/2026,153940,TR-132-11,"TUNGSTEN CARBIDE  BAND 8MM ""NO WARRANTY ON COLOR""",TR-132,JD,1,16,299,57.18,241.82,VJ-OAK,TUNGS BAND,,,11,
VB-10291246,7/3/2026,0607271,0607271,MOVADO WATCH,0607271,MOVADO,1,390,750,112.5,637.5,VJ-BAKER,MOVADO,WATCH,MENS,BATTERY,
HE-10001354,7/2/2026,160362,R18923XBB-COMP-3,"18KT""OVANI-COLLECTION""  BRIDAL SET",R18923XBB-COMP,GS,1,766,"8,499.00","6,731.00","1,768.00",VJ-HEND,LADYS RING,OVANI,,,
HE-10001354,7/2/2026,181600,MPD05000262,"18KT""OVANI-COLLECTION""  PENDANT",MPD05000262,MHVR,1,389,"4,499.00","3,498.96","1,000.04",VJ-HEND,PENDANT,OVANI,18KT,,
HE-10001375,7/5/2026,224385-20,VAL 040 DS651-2,"SILVER ""LINKNLOCK"" VALENTINO CHAIN ( NO WARRANTY )",VAL 040 DS651,COAR,1,19,95,0,95,VJ-HEND,SLVR CHAIN,LINKNLOCK,-,20,
VB-10291247,7/3/2026,239380,PL256663LW,"10KT""BELLA.BY.OVANI"" LABGROWN DIAMOND CROSS PENDANT",PL256663LW,PNT,1,144,"1,599.00","1,080.00",519,VJ-BAKER,PENDANT,BELLA OVAN,10KT,CROSS,
VF-10292711,7/2/2026,042429605275,96A329,BULOVA CLASSIC SUTTON AUTOMATIC WATCH,96A329,BULOVA,1,308.75,650,0,650,VJ-FRE,BULOVA,WATCH,MENS,AUTOMATIC,
VB-10291243,7/2/2026,238851,ANAF0493,"10KT""OROVENTI"" YELLOW-GOLD LOVE BAND",ANAF0493,INFN,1,74,229,0,229,VJ-BAKER,GOLD RINGS,OROVENTI,,7.5,
AR-10291952,7/4/2026,216211Y,RPAB1/3-9,"14KT""LABGROWN DIAMOND""  ROUND-PRONG ANNIVERSARY BAND",RPAB1/3,JLX,1,270,"3,099.00","2,029.00","1,070.00",VJ-ARDN,LADYS RING,NOVELLO,AB,7,
AR-10291952,7/4/2026,15010KY09,15010KY09,"10KT""BENCHMARK""  GOLD BAND 5MM TRADITIONAL OVAL",15010KY09,BENCHMARK,1,341,"1,535.00",844.25,690.75,VJ-ARDN,GOLD BANDS,PLAIN,10KT,9,
AR-10291952,7/4/2026,228345-8.5,1TB0W236085A001,"LEATHER ""LINKNLOCK"" BLACK LEATHER WITH STEEL ID BRACELET",1TB0W236085A001,KRMA,1,13,79,0,79,VJ-ARDN,LTHR BRCL,LINKNLOCK,,8.5,
VO-10292198,7/4/2026,231893Y,5E0886B8A,"14KT""BELLA.BY.OVANI""  BLACK MOP CLOVER DANGLING EARRINGS",5E0886B8A,GS,1,306,"3,399.00","2,599.00",800,VJ-OAK,EARRINGS,BELLA OVAN,14KT,,
VO-10292200,7/4/2026,220841,RED 8MM/CFD-A,24KT-GOLD PIXIU RED AGATE DOUBLE DRAGON SINGLE BEAD (NO WARRANTY),RED 8MM/CFD-A,GLBL,1,526,"2,630.00","1,630.00","1,000.00",VJ-OAK,GOLD ID,GOLD JEWL,21-24KT,PIXIU,
DB-10000013,7/2/2026,216219,RPAB1/2-7,"14KT""LABGROWN DIAMOND""  ROUND-PRONG ANNIVERSARY BAND",RPAB1/2,JLX,1,349,"3,899.00","3,100.00",799,VJ-DEER,LADYS RING,NOVELLO,AB,7,
FA-10291305,7/5/2026,227975S,MBR50000326,SILVER LABGROWN DIAMOND LOVE-SPELL TENNIS BRACELET,MBR50000326,MHVR,1,321,"1,599.00",0,"1,599.00",VJ-VAL,LADYS BRCL,LOVE,"""--""",7,
SA-10292029,7/3/2026,234952-6.5,624-20449-2,10KT YELLOW-GOLD ID BRACELET ( NO WARRANTY ),624-20449,SFCO,1,243,"1,215.00",611.67,603.33,VJ-SAL,GOLD ID,GOLD JEWL,-,5.5,
SA-10292029,7/3/2026,240428-7,LEAF.ID-9,14KT 2TONE-GOLD D/C LEAF ID BRACELET (NO WARRANTY),LEAF.ID,SAF,1,674,"3,370.00","1,685.00","1,685.00",VJ-SAL,GOLD ID,GOLD JEWL,14KT,7,
FA-10291300,7/4/2026,239424,RR9582W,"14KT""OVANI-COLLECTION""  AGI CERT LABGROWN DIAMOND EMERALD  BRIDAL RING",RR9582W,RCN,1,"1,661.00","23,995.00","18,904.09","5,090.91",VJ-VAL,LADYS RING,OVANI,14KT,7,
VS-10291899,7/5/2026,219203Y,JPS403040G4WX0VXX-1,"14KT""NOVELLO-COLLECTION""  IGI CERT LABGROWN DIAMOND 3-STONE PENDANT",JPS403040G4WX0VXX,KMA,1,"1,004.00","12,995.00","9,692.00","3,303.00",VJ-SERRA,PENDANT,NOVELLO,14KT,,
VF-10292718,7/4/2026,231042,JRO394930,"10KT""NOVELLO-COLLECTION"" LABGROWN DIAMOND ROUND SOLITAIRE RING",JRO394930,KMA,1,216,"4,499.00","3,263.18","1,235.82",VJ-FRE,LADYS RING,NOVELLO,SOL RING,7,
AT-10290431,7/5/2026,235391S,MHS010541RF-B.TOPAZ,SILVER LABGROWN DIAMOND LOVE-SPELL 4.00CT BLUE TOPAZ RING,MHS010541RF-B.TOPAZ,MHVR,1,73,339,0,339,VJ-S.ANITA,B,LOVE,B TOPAZ,BIRTHSTONE,
VM-10293059,7/4/2026,228106,228106,"14KT""NOVELLO-COLLECTION""  IGI CERT LABGROWN DIAMOND SOLITAIRE RING",LGE+OVA3.00,KRA,1,835,"14,995.00","10,862.01","4,132.99",VJ-MOD,LADYS RING,NOVELLO,SOL RING,3.00 CARAT,
CH-10002299,7/3/2026,105089,TR-006-6,TUNGSTEN CARBIDE BAND 6MM,TR-006,JD,1,12,299,150,149,VJ-CHAND,TUNGS BAND,,,8,
AR-10291947,7/3/2026,204871,EL233022W,"14KT""NOVELLO-COLLECTION""  LABGROWN DIAMOND 2-ROW HOOPS EARRINGS",EL233022W,PNT,1,806,"8,995.00","6,880.06","2,114.94",VJ-ARDN,EARRINGS,NOVELLO,14KT,HOOPS,
CL-10290868,7/4/2026,225267-20,GRT 080 10LT-1,"SILVER ""LINKNLOCK"" CURB CHAIN ( NO WARRANTY )",GRT 080 10LT,COAR,1,34,204,41.47,162.53,VJ-CULVER,SLVR CHAIN,LINKNLOCK,-,20,
PA-10001352,7/1/2026,228383-26,1TN0G242269B001,"SS""LINKNLOCK"" CUBAN CHAIN",1TN0G242269B001,KRMA,1,18,99,0,99,VJ-PALM,SS CHAIN,LINKNLOCK,-,CUBAN,
IN-10291069,7/2/2026,8.89232E+11,GA700UC-3A,G-SHOCK WATCH,GA700UC-3A,G-SHOCK,1,55,110,10,100,VJ-INLND,G-SHOCK,WATCH,MENS,,
IN-10291069,7/2/2026,8.89232E+11,GA700UC-5A,G-SHOCK WATCH,GA700UC-5A,G-SHOCK,1,55,110,10,100,VJ-INLND,G-SHOCK,WATCH,MENS,,
IN-10291069,7/2/2026,042429542099,96B261,BULOVA WATCH,96B261,BULOVA,1,166.25,350,50,300,VJ-INLND,BULOVA,WATCH,MENS,BATTERY,
IN-10291069,7/2/2026,042429605190,96L345,BULOVA SURVEYOR WATCH,96L345,BULOVA,1,166.25,350,50,300,VJ-INLND,BULOVA,WATCH,WOMEN,BATTERY,
VL-10291036,7/5/2026,209922Y,EL210063W150-2,"10KT""BELLA.BY.OVANI""  LABGROWN DIAMOND HOOPS EARRINGS",EL210063W150,PNT,1,481,"5,995.00","4,726.07","1,268.93",VJ-LIV,EARRINGS,BELLA OVAN,10KT,HOOPS,
PB-10291463,7/5/2026,236115,120-03101-21,10KT YELLOW-GOLD FASHION RING (NO WARRANTY),120-03101,SFCO,1,369,"1,845.00",345,"1,500.00",VJ-PB,GOLD RINGS,GOLD JEWL,10KT,8,
PB-10291463,7/5/2026,220073,120-03100-64MM-2,14KT YELLOW-GOLD SOLID BANGLE,120-03100-64MM,SFCO,1,"2,072.00","10,360.00","5,860.00","4,500.00",VJ-PB,GOLD BANGL,GOLD JEWL,14KT,SCREW BANGLE,
CH-10002303,7/4/2026,225253-22,G 090 2L-4,"SILVER ""LINKNLOCK"" CURB CHAIN",G 090 2L,COAR,1,76,304,0,304,VJ-CHAND,SLVR CHAIN,LINKNLOCK,-,22,
PB-10291458,7/3/2026,231620S,MV065-SL,"SILVER""LAB-GROWN"" DIAMOND DIAMOND ULTIMATE VALUE TENNIS BRACELET",MV065-SL,VSU,1,272,599,0,599,VJ-PB,LADYS BRCL,NOVELLO,UV,,
VO-10292199,7/4/2026,236689,MV250W,"14KT""OVANI-COLLECTION""  LABGROWN DIAMOND HIDDEN HALO RADIANT STUDS EARRINGS",MV250W,VSU,1,319,"4,099.00","3,099.00","1,000.00",VJ-OAK,EARRINGS,OVANI,14KT,1.00 CARAT,
GM-10292993,7/3/2026,240454,DATEJUST-SS-26MM-NW-35,PRE-OWNED ROLEX 26MM SS SILVER ROMAN DATEJUST OYSTER PERPETUAL WATCH,DATEJUST-SS-26MM-NW,IWJG,1,"6,450.00","35,995.00","21,904.09","14,090.91",DBC-GM,ROLEX,WATCH,WOMEN,26,
PB-10291444,7/1/2026,220029-7,475-10183,14KT YELLOW-GOLD CZ FANCY CLOVER LINK BRACELET (NO WARRANTY),475-10183,SFCO,1,269,"1,345.00",345,"1,000.00",VJ-PB,GOLD ID,GOLD JEWL,14KT,7,
DB-10000017,7/5/2026,3601388,3601388,MOVADO WATCH,3601388,MOVADO,1,338,650,65,585,VJ-DEER,MOVADO,WATCH,MENS,BATTERY,
VI-10292561,7/5/2026,233108-26,STN1266-3-0B,"SS""LINKNLOCK"" BLACK COLOR FRANCO CHAIN",STN1266-3-0B,KRMA,1,14,79,0,79,VJ-VICTOR,SS CHAIN,LINKNLOCK,,26,
VF-10292715,7/3/2026,8.0732E+11,MK9252,MICHAEL KORS,MK9252,MICHAEL KORS WATCHES,1,147.5,295,29.5,265.5,VJ-FRE,MICHAEL KO,WATCH,MENS,,
VR-102291082,7/5/2026,224155Y,EVRE-23005VA34W4-1,"14KT""NOVELLO-COLLECTION""  LABGROWN DIAMOND HEART BRIDAL RING",EVRE-23005VA34W4,HRSH,1,754,"8,499.00","6,735.66","1,763.34",VJ-ROSE,LADYS RING,NOVELLO,14KT,HEART,
FA-10291311,7/5/2026,181029,TR-046-9,TUNGSTEN CARBIDE BAND 7MM,TR-046,JD,1,16,299,59.8,239.2,VJ-VAL,TUNGS BAND,,,12,
CH-10002304,7/4/2026,238709,238709,"14KT""NOVELLO-COLLECTION"" IGI CERT LABGROWN DIAMOND SOLITAIRE RING",LGE+OVA1.50,KRA,1,401,"6,995.00","4,796.00","2,199.00",VJ-CHAND,LADYS RING,NOVELLO,SOL RING,1.50 CARAT,
CH-10002304,7/4/2026,228218S,CO-MHS00014E,SILVER LABGROWN DIAMOND LOVE-SPELL OVAL SOLITIARE STUDS EARRINGS,CO-MHS00014E,MHVR,1,37,169,0,169,VJ-CHAND,EARRINGS,LOVE,"""--""",,
HE-10001359,7/3/2026,042429597464,96P249,BULOVA WATCH,96P249,BULOVA,1,188,395,66.36,328.64,VJ-HEND,BULOVA,WATCH,WOMEN,BATTERY,
NO-10001214,7/1/2026,238343V,MPD03301400-1,SILVER LABGROWN DIAMOND LOVE-SPELL VERMEIL HEART NECKLACE ( NO WARRANTY ),MPD03301400,MHVR,1,62,279,0,279,VJ-NORTH,FANCY NECK,LOVE,,HEART,
NO-10001214,7/1/2026,236941,MV189W-4,"14KT""OVANI-COLLECTION""  IGI CERT LABGROWN DIAMOND HIDDEN HALO RADIANT BRIDAL SET",MV189W,VSU,1,"2,908.00","39,995.00","29,795.64","10,199.36",VJ-NORTH,LADYS RING,OVANI,14KT,7,
VM-10293041,7/2/2026,042429587793,96A269,BULOVA SUTTON WATCH,96A269,BULOVA,1,225.62,475,89.25,385.75,VJ-MOD,BULOVA,WATCH,MENS,AUTOMATIC,
CH-10002295,7/3/2026,229905V,MHS00029R-P SAPPHIRE-1,SILVER LABGROWN DIAMOND LOVE-SPELL VERMEIL PLATED 1.00CT PINK SAPPHIRE HALO RING (NO WARRANTY),MHS00029R-P SAPPHIRE,MHVR,1,42,189,0,189,VJ-CHAND,B,LOVE,P SAPPHIRE,BIRTHSTONE,
VF-10292710,7/2/2026,215844-20,"BM3BD-1611C2-20""",18KT YELLOW-GOLD ICE CHAIN,"BM3BD-1611C2-20""",MM,1,"1,562.00","7,810.00","4,460.00","3,350.00",VJ-FRE,GOLD CHAIN,GOLD JEWL,18KT,20,
AT-10290427,7/4/2026,209943Y,RL239933WCN-1,"14KT""NOVELLO-COLLECTION""  LABGROWN DIAMOND ROUND-PRONG ANNIVERSARY BAND",RL239933WCN,PNT,1,297,"3,599.00","2,599.00","1,000.00",VJ-S.ANITA,LADYS RING,NOVELLO,AB,7,
VR-102291070,7/3/2026,231552-18,UKPC100060-5,10KT YELLOW-GOLD D/C HLW ROPE CHAIN (NO WARRANTY),UKPC100060,SFCO/KGS,1,227,"1,135.00",135,"1,000.00",VJ-ROSE,GOLD CHAIN,GOLD JEWL,10KT,18,
HE-10001353,7/1/2026,202862,YC140031-S-W-WH,SILVER LOVE-SPELL CZ INFINITY CROSS PENDANT,YC140031-S-W-WH,DLM,1,12,54,0,54,VJ-HEND,SILVER PDT,LOVE,"""--""",CROSS,
HE-10001353,7/1/2026,042429592667,98A302,BULOVA MARINE WATCH,98A302,BULOVA,1,330.12,695,0,695,VJ-HEND,BULOVA,WATCH,MENS,AUTOMATIC,
CH-10002314,7/5/2026,228388-26,1TN0W225504C001,"SS""LINKNLOCK"" CUBAN CHAIN",1TN0W225504C001,KRMA,1,15,89,0,89,VJ-CHAND,SS CHAIN,LINKNLOCK,-,CUBAN,
VE-10293577,7/3/2026,176555-18,UKPG000021-1,14KT YELLOW-GOLD SOLID D/C ROPE CHAIN (NO WARRANTY),UKPG000021-1,KGS,1,907,"4,535.00","2,735.00","1,800.00",VJ-EAST,GOLD CHAIN,GOLD JEWL,14KT,18,
VO-10292189,7/1/2026,227971V,CO-MER05000668-1,SILVER LABGROWN DIAMOND LOVE-SPELL VERMEIL HOOPS EARRINGS (NO WARRANTY),CO-MER05000668,MHVR,1,46,209,0,209,VJ-OAK,EARRINGS,LOVE,"""--""",HOOPS,
VO-10292189,7/1/2026,231622S,MV066-SL,"SILVER""LAB-GROWN"" DIAMOND ULTIMATE VALUE HOOPS",MV066-SL,VSU,1,126,299,0,299,VJ-OAK,EARRINGS,NOVELLO,UV,HOOPS,
VB-10291244,7/2/2026,212874Y,RL220405W025-1,"14KT""NOVELLO-COLLECTION""  LABGROWN DIAMOND CHEVRON BAND RING",RL220405W025,PNT,1,257,"2,995.00","2,440.73",554.27,VJ-BAKER,LADYS RING,NOVELLO,CHEVRON,INFINITY,
SA-10292037,7/5/2026,236243-7.5,PSL-259,10KT TRICOLOR-GOLD CZ QUINCEANERA ID BRACELET ( NO WARRANTY ),PSL-259,TRCO,1,293,"1,465.00",796.81,668.19,VJ-SAL,GOLD ID,GOLD JEWL,10KT,7.5,
VR-102291085,7/5/2026,232951Y,PL256028LW-1,"10KT""BELLA.BY.OVANI""  LABGROWN DIAMOND DOUBLE HEART PENDANT",PL256028LW,PNT,1,173,"1,999.00","1,534.96",464.04,VJ-ROSE,PENDANT,BELLA OVAN,10KT,,
IN-10291071,7/2/2026,227957V,MBR02500331-1,SILVER LABGROWN DIAMOND LOVE-SPELL VERMEIL DOUBLE HEART BOLO BRACELET (NO WARRANTY),MBR02500331,MHVR,1,53,239,0,239,VJ-INLND,LADYS BRCL,LOVE,"""--""",HEART,
IN-10291071,7/2/2026,230258S,MHS00038R-PERIDOT,SILVER LABGROWN DIAMOND LOVE-SPELL  0.75CT PERIDOT HALO RINGS,MHS00038R-PERIDOT,MHVR,1,44,209,0,209,VJ-INLND,B,LOVE,PERIDOT,BIRTHSTONE,
CL-10290867,7/3/2026,228033S,CO-MER10000667,SILVER LABGROWN DIAMOND LOVE-SPELL HOOPS EARRINGS,CO-MER10000667,MHVR,1,123,579,57.84,521.16,VJ-CULVER,EARRINGS,LOVE,"""--""",HOOPS,
VO-10292204,7/5/2026,232151,EVBT-2414VA44W0,"10KT""NOVELLO-COLLECTION""  LABGROWN DIAMOND TENNIS BRACELET",EVBT-2414VA44W0,HRSH,1,663,"7,499.00","5,549.00","1,950.00",VJ-OAK,LADYS BRCL,NOVELLO,TENNIS,7,
CH-10002309,7/4/2026,215559,EL216084W080,"10KT""LABGROWN DIAMOND""  WINGS EARRINGS",EL216084W080,PNT,1,109,"1,299.00",844.35,454.65,VJ-CHAND,EARRINGS,NOVELLO,10KT,,
CH-10002309,7/4/2026,239358,PL256602LW,"10KT""BELLA BY OVANI""  LABGROWN DIAMOND HEART DANGLING NECKLACE",PL256602LW,PNT,1,121,"1,399.00",909.35,489.65,VJ-CHAND,PENDANT,BELLA OVAN,10KT,HEART,
IN-10291079,7/3/2026,234673-24,UKPB000068-6-11,10KT YELLOW-GOLD D/C HLW ROPE CHAIN,UKPB000068-6,SFCO/KGS,1,"1,239.00","6,195.00","3,796.00","2,399.00",VJ-INLND,GOLD CHAIN,GOLD JEWL,10KT,24,
IN-10291081,7/3/2026,238864Y,ARTAF0007,"10KT""BELLA.BY.OVANI""  LABGROWN DIAMOND HOOPS EARRINGS",ARTAF0007,INFN,1,314,"4,099.00","3,363.37",735.63,VJ-INLND,EARRINGS,BELLA OVAN,10KT,HOOPS,
ST-10292325,7/5/2026,233913-24,UKHG100056-6,10KT YELLOW-GOLD HLW MIAMI CUBAN CHAIN,UKHG100056,SFCO/KGS,1,"1,944.00","9,720.00","7,220.00","2,500.00",DBC-STOCK,GOLD CHAIN,GOLD JEWL,10KT,24,
NO-10001220,7/4/2026,223392YW,MRF02500219-10,"10KT""LABGROWN DIAMOND""  PROMISE RING",MRF02500219,MHVR,1,143,"1,599.00",687.84,911.16,VJ-NORTH,LADYS RING,NOVELLO,ETERNAL-VOW,7,
FA-10291293,7/2/2026,200076,DATEJUST-TT-36MM-NW-20,PRE-OWNED ROLEX 36MM TT GREY DATEJUST OYSTER PERPETUAL WATCH,DATEJUST-TT-36MM-NW,ALW,1,"7,500.00","37,995.00","23,641.45","14,353.55",VJ-VAL,ROLEX,WATCH,MENS,36,
HE-10001368,7/5/2026,237336Y,EVEPS100VK5W0-1,"10KT""UV-NOVELLO"" LABGROWN DIAMOND PC SOLITIARE STUDS",EVEPS100VK5W0,HRSH,1,215,"2,499.00","1,830.05",668.95,VJ-HEND,EARRINGS,NOVELLO,SOL STUDS,1.00 CARAT,
HE-10001368,7/5/2026,234940-8,475-01445-1,10KT  YELLOW-GOLD HLW CZ ST. JUDE CURB BRACELET,475-01445,SFCO,1,"1,426.00","7,130.00","3,208.50","3,921.50",VJ-HEND,GOLD ID,GOLD JEWL,10KT,8,
HE-10001368,7/5/2026,238846Y,ANAF0019,"10KT""ETERNAL VOW""  LABGROWN DIAMOND HEART PROMISE RING",ANAF0019,INFN,1,89,"1,199.00",899.25,299.75,VJ-HEND,LADYS RING,,10KT,HEART,
VO-10292197,7/3/2026,220595,JR144704FG4WXN0Q4-2,"14KT""NOVELLO-COLLECTION""  IGI CERT LABGROWN DIAMOND HIDDEN HALO RADIANT BRIDAL RING",JR144704FG4WXN0Q4,KMA,1,861,"11,995.00","8,655.00","3,340.00",VJ-OAK,LADYS RING,NOVELLO,14KT,7,
HE-10001358,7/2/2026,235902,DATEJUST-TT-36MM-OLD-DB-168,PRE-OWNED ROLEX TT 36MM SILVER MOP AFTERMARKET LAB GROWN DIAMOND BEZEL & DIAL,DATEJUST-TT-36MM-OLD-DB,REI,1,"5,121.00","27,995.00","14,154.81","13,840.19",VJ-HEND,ROLEX,WATCH,MENS,36,
ON-10292095,7/4/2026,232284,D40,10KT”AANIKA.V”  B. SAPPHIRE 1.20CT PEAR BAND,D40,GMS,1,257,"2,899.00","2,255.32",643.68,VJ-ONT,B,AANIKA.V,SAPPHIRE,BIRTHSTONE,
VO-10292194,7/3/2026,211016-20,UKHL100012-1,14KT YELLOW-GOLD HLW PAVE MIAMI CUBAN CHAIN,UKHL100012,KGS,1,"1,120.00","5,600.00","3,600.00","2,000.00",VJ-OAK,GOLD CHAIN,GOLD JEWL,14KT,20,
VI-10292544,7/2/2026,042429605206,97L187,BULOVA SURVEYOR WATCH,97L187,BULOVA,1,187.62,395,119.13,275.87,VJ-VICTOR,BULOVA,WATCH,WOMEN,BATTERY,
NO-10001223,7/4/2026,227961V,MBR03300332-1,SILVER LABGROWN DIAMOND LOVE-SPELL VERMEIL HEART PAPERLCIP BRACELET (NO WARRANTY),MBR03300332,MHVR,1,52,239,21.23,217.77,VJ-NORTH,LADYS BRCL,LOVE,"""--""",HEART,
FA-10291295,7/3/2026,216227,RCAB1/3-16,"14KT""LABGROWN-DIAMOND""  ROUND-CHANNEL ANNIVERSARY BAND",RCAB1/3,JLX,1,429,"4,799.00","3,567.60","1,231.40",VJ-VAL,LADYS RING,NOVELLO,AB,7,
FA-10291295,7/3/2026,136148,R160827,14KT CHANNEL PRINCESS GENTS BAND,R160827,PNT,1,580,"6,499.00","4,831.40","1,667.60",VJ-VAL,GENTS RING,,14KT,10,
HE-10001360,7/3/2026,150205,JHN2908-55FW70,14KT ENHANCER RING,JHN2908-55FW70,JLX,1,933,"10,995.00","7,975.50","3,019.50",VJ-HEND,LADYS RING,,ENHANCER,,
FA-10291284,7/1/2026,176725,WG707,14KT PUSHBACK EARRING BACK [S],WG707,QUALITY GOLD,2,16,100,0,100,VJ-VAL,TRAY,,,,
CH-10002293,7/2/2026,224129,EVRA-6792VA34W4,"14KT""BELLA.BY.OVANI"" LABGROWN DIAMOND ROUND-CUT WEDDING BAND",EVRA-6792VA34W4,HRSH,1,345,"3,899.00","2,729.30","1,169.70",VJ-CHAND,LADYS RING,BELLA OVAN,14KT,7,
VR-102291066,7/3/2026,156812,RPAB1/4-18-3,"18KT""OVANI-COLLECTION"" ROUND PRONG  BAND",RPAB1/4-18,JLX,1,346,"3,995.00","2,996.00",999,VJ-ROSE,LADYS RING,OVANI,AB,7,
VS-10291892,7/4/2026,14010KY11,14010KY11,"10KT ""BENCHMARK"" GOLD BAND 4MM TRADITIONAL OVAL",14010KY11,BENCHMARK,1,269,"1,211.00",581.28,629.72,VJ-SERRA,GOLD BANDS,PLAIN,10KT,11,
VS-10291892,7/4/2026,197034Y,SFRG-58-1,"10KT""NOVELLO-COLLECTION""  LABGROWN DIAMOND ANNIVERSARY PRONG SET BAND",SFRG-58,SNFLR,1,110,"1,399.00","1,028.72",370.28,VJ-SERRA,LADYS RING,NOVELLO,AB,7,
ON-10292094,7/4/2026,209370-26,UKPC100058-4,14KT YELLOW-GOLD D/C HLW ROPE CHAIN (NO WARRANTY),UKPC100058,KGS,1,"1,042.00","5,210.00","3,278.97","1,931.03",VJ-ONT,GOLD CHAIN,GOLD JEWL,14KT,26,
VO-10292205,7/5/2026,228362-8.5,KTB180323C,"SS""LINKNLOCK"" BLACK CZ BOX ID BRACELET",KTB180323C,KRMA,1,13,79,0,79,VJ-OAK,SS BRCL,LINKNLOCK,-,8.5,
VO-10292205,7/5/2026,228327,KTP180130C,"SS""LINKNLOCK"" CZ DOG TAG PENDANT",KTP180130C,KRMA,1,13,79,0,79,VJ-OAK,SS PNDTS,LINKNLOCK,-,,
CH-10002308,7/4/2026,228319,1TPDC233546B001,"SS""LINKNLOCK"" CZ COMPASS PENDANT",1TPDC233546B001,KRMA,1,13,79,0,79,VJ-CHAND,SS PNDTS,LINKNLOCK,-,,
VR-102291065,7/3/2026,228271V,MRF07501029-1,SILVER LABGROWN DIAMOND LOVE-SPELL VERMEIL BUTTERFLY LADYS RING (NO WARRANTY),MRF07501029,MHVR,1,48,219,0,219,VJ-ROSE,LADYS RING,LOVE,"""--""",,
CH-10002313,7/5/2026,8.89232E+11,GA700UC-5A,G-SHOCK WATCH,GA700UC-5A,G-SHOCK,1,55,110,0,110,VJ-CHAND,G-SHOCK,WATCH,MENS,,
VI-10292547,7/3/2026,233501Y,JMR058250G4YXENS9-4,"10KT""LABGROWN DIAMOND""  GENTS RING",JMR058250G4YXENS9,KMA,1,"1,423.00","15,995.00","13,091.08","2,903.92",VJ-VICTOR,GENTS RING,NOVELLO,10KT,10,
ON-10292085,7/2/2026,200475-24,22KT-FRANCO-2.5MM-4,22KT GOLD FRANCO CHAIN SQUARE STYLE,22KT-FRANCO-2.5MM,SRYA,1,"1,972.00","9,860.00","5,905.98","3,954.02",VJ-ONT,GOLD CHAIN,GOLD JEWL,21-24KT,24,
CH-10002292,7/2/2026,227406V,MPD02501244-1,SILVER LABGROWN DIAMOND LOVE-SPELL VERMEIL ROUND BEZEL PENDANT ( NO WARRANTY ),MPD02501244,MHVR,1,38,179,0,179,VJ-CHAND,PENDANT,LOVE,"""--""",,
SA-10292024,7/2/2026,233495Y,RRR1879YE-1,14KT”AANIKA.V”  EMERALD 1.50CT HALO RING,RRR1879YE,RCN,1,716,"7,995.00","6,396.00","1,599.00",VJ-SAL,B,AANIKA.V,EMERALD,BIRTHSTONE,
ON-10292083,7/2/2026,223239Y,RL236472WS-37,"14KT""NOVELLO-COLLECTION""  IGI CERT LABGROWN DIAMOND ROUND BRIDAL RING",RL236472WS,PNT,1,482,"5,995.00","4,616.61","1,378.39",VJ-ONT,LADYS RING,NOVELLO,14KT,7,
ON-10292083,7/2/2026,228314Y,SR51134-SAP-1,"10KT""LABGROWN DIAMOND""  3.50CT B. SAPPHIRE GENTS RING",SR51134-SAP,SHSH,1,629,"7,995.00","6,440.98","1,554.02",VJ-ONT,GENTS RING,NOVELLO,B SAPPHIRE,BIRTHSTONE,
PB-10291462,7/5/2026,209909Y,P194031-5,"10KT""LABGROWN DIAMOND""  CALENDARIO PENDANT",P194031,PNT,1,"1,817.00","20,995.00","16,399.60","4,595.40",VJ-PB,PENDANT,NOVELLO,14KT,CALENDARIO,
PB-10291462,7/5/2026,231494-24,UKP0100-2-11,10KT YELLOW-GOLD HLW D/C ROPE CHAIN,UKP0100-2,SFCO/KGS,1,"2,349.00","11,745.00","7,145.00","4,600.00",VJ-PB,GOLD CHAIN,GOLD JEWL,10KT,24,
OF-542,7/3/2026,235381S,MHS010541ER-B.TOPAZ,SILVER LABGROWN DIAMOND LOVE-SPELL 2.00CT BLUE TOPAZ EARRING,MHS010541ER-B.TOPAZ,MHVR,1,77,349,0,349,VJ-DEER,BE,LOVE,B TOPAZ,BIRTHSTONE,
VR-102291071,7/3/2026,169385,UKPA000001-3-1,14KT YELLOW-GOLD MILANO ROPE CHAIN,UKPA000001-3,KGS,1,"2,789.00","13,945.00","9,945.00","4,000.00",VJ-ROSE,GOLD CHAIN,GOLD JEWL,14KT,24,
NO-10001215,7/2/2026,227617S,CO-MPD01001270,SILVER LABGROWN DIAMOND LOVE-SPELL  HEART PENDANT,CO-MPD01001270,MHVR,1,51,249,0.25,248.75,VJ-NORTH,PENDANT,LOVE,"""--""",HEART,
VR-102291073,7/3/2026,15010KY08,15010KY08,"10KT ""BENCHMARK""  GOLD BAND 5MM TRADITIONAL OVAL",15010KY08,BENCHMARK,1,328,"1,476.00",779.94,696.06,VJ-ROSE,GOLD BANDS,PLAIN,10KT,8,
VI-10292538,7/1/2026,8.85997E+11,3601096,MOVADO WATCH,3601096,MOVADO,1,390,750,158,592,VJ-VICTOR,MOVADO,WATCH,MENS,BATTERY,
AT-10290433,7/5/2026,237356-18,VZ012,"10KT ""ULTIMATE VALUE"" YELLOW-GOLD BOX CHAIN (NO WARRANTY)",VZ012,OX,1,98,169,0,169,VJ-S.ANITA,GOLD CHAIN,GOLD JEWL,UV,18,
AT-10290424,7/2/2026,195064,R32145208,RADO CAPTAIN COOK AUTOMATIC CHRONOGRAPH WATCH,R32145208,SWATCH GROUP RADO,1,"2,530.00","4,600.00","1,161.09","3,438.91",VJ-S.ANITA,RADO,WATCH,MENS,AUTOMATIC,
AR-10291939,7/1/2026,198839,BLACKSTUDS5-PC,14KT TREATED BLACK DIAMONDS PRINCESS STUDS,BLACKSTUDS5-PC,HOD,1,170,"2,399.00","1,801.30",597.7,VJ-ARDN,EARRINGS,,,1.50 CARAT,
VM-10293065,7/5/2026,042429597464,96P249,BULOVA WATCH,96P249,BULOVA,1,188,395,98.75,296.25,VJ-MOD,BULOVA,WATCH,WOMEN,BATTERY,
VB-10291250,7/4/2026,211956,GOLD-V.MARY-41,14KT YELLOW-GOLD D/C CZ VIRGIN MARY OVAL PENDANT (NO WARRANTY),GOLD-V.MARY,AFG,1,112,560,308,252,VJ-BAKER,GOLD PNDTS,GOLD JEWL,14KT,,
VB-10291250,7/4/2026,237365-18,ST025-1,"10KT ""ULTIMATE VALUE"" YELLOW-GOLD D/C SINGAPORE CHAIN (NO WARRANTY)",ST025,OX,1,118,209,0,209,VJ-BAKER,GOLD CHAIN,GOLD JEWL,UV,18,
FA-10291297,7/3/2026,231620V,MV065-SL-1,"SILVER""LAB-GROWN"" DIAMOND ULTIMATE VALUE TENNIS BRACELET VERMEIL PLATED (NO WARRANTY)",MV065-SL,VSU,1,297,599,0,599,VJ-VAL,LADYS BRCL,NOVELLO,UV,,
VM-10293039,7/1/2026,231491-20,HKP0202-7-20,10KT YELLOW-GOLD D/C HLW ROPE CHAIN (NO WARRANTY),HKP0202-7,SFCO/KGS,1,486,"2,430.00","1,430.00","1,000.00",VJ-MOD,GOLD CHAIN,GOLD JEWL,10KT,20,
VB-10291242,7/2/2026,122092,R20206712,RADO INTEGRAL BLACK GENTS WATCH,R20206712,SWATCH GROUP RADO,1,"1,485.00","2,700.00",575.29,"2,124.71",VJ-BAKER,RADO,WATCH,MENS,BATTERY,
VM-10293047,7/3/2026,209418-24,KKJ5360-2,14KT YELLOW-GOLD SOLID CURB CHAIN,KKJ5360,KGS,1,"1,658.00","8,290.00","4,789.99","3,500.01",VJ-MOD,GOLD CHAIN,GOLD JEWL,14KT,24,
VM-10293047,7/3/2026,227714,152-00851-1,14KT YELLOW-GOLD CRUCIFIX CROSS PENDANT (NO WARRANTY),152-00851-1,SFCO,1,291,"1,455.00",805.49,649.51,VJ-MOD,GOLD PNDTS,GOLD JEWL,14KT,,
VL-10291029,7/4/2026,7.31903E+11,YA128507,GUCCI G-FRAME SQUARE 3-DIAMONDS,YA128507,GUCCI GROUP WATCHES.,1,714,"1,300.00",260,"1,040.00",VJ-LIV,GUCCI,WATCH,WOMEN,,
VI-10292555,7/5/2026,223400Y,MRF02500354-9,"10KT""ETERNAL VOW""  LABGROWN DIAMOND HEART HALO PROMISE RING",MRF02500354,MHVR,1,308,"2,799.00","2,155.32",643.68,VJ-VICTOR,LADYS RING,NOVELLO,ETERNAL-VOW,HEART,
ST-10292317,7/3/2026,197903-24,UKP0068-2-6,14KT YELLOW-GOLD MILANO ROPE CHAIN,UKP0068-2,KGS,1,"2,005.00","10,025.00","6,355.27","3,669.73",DBC-STOCK,GOLD CHAIN,GOLD JEWL,14KT,24,
VL-10291017,7/1/2026,7.31903E+11,YA136301A,GUCCI WATCH,YA136301A,GUCCI GROUP WATCHES.,1,879,"1,600.00",320,"1,280.00",VJ-LIV,GUCCI,WATCH,MENS,,
VM-10293035,7/1/2026,236010-8,343-00441-4,"10KT ""OROVENTI"" YELLOW-GOLD FANCY LINK BRACELET",343-00441,SFCO,1,475,"1,544.00",0,"1,544.00",VJ-MOD,GOLD ID,OROVENTI,10KT,8,
VO-10292207,7/5/2026,237400Y,EVRB-12183VXA34W4-40,"14KT""NOVELLO-COLLECTION""  IGI CERT LABGROWN DIAMOND RADIANT BRIDAL SET",EVRB-12183VXA34W4,HRSH,1,"1,227.00","13,499.00","10,499.00","3,000.00",VJ-OAK,LADYS RING,NOVELLO,14KT,7,
VO-10292202,7/4/2026,225356-8,GC 160 OVA,"SILVER ""LINKNLOCK"" MIAMI CUBAN BRACELET",GC 160 OVA,COAR,1,81,324,0,324,VJ-OAK,SILVR BRCL,LINKNLOCK,-,8,
CL-10290864,7/1/2026,235029Y,JRS90653FG4WXENQ4-52,"14KT""NOVELLO-COLLECTION""  IGI CERT  LABGROWN DIAMOND MARQUISE BRIDAL SET",JRS90653FG4WXENQ4,KMA,1,"1,047.00","12,995.00","9,925.00","3,070.00",VJ-CULVER,LADYS RING,NOVELLO,14KT,7,
GM-10292997,7/4/2026,231934,RL239930WCN-4,"10KT""LABGROWN DIAMOND""  ROUND-PRONG ANNIVERSARY BAND",RL239930WCN,PNT,1,152,"1,799.00","1,299.00",500,DBC-GM,LADYS RING,NOVELLO,AB,7,
GM-10292997,7/4/2026,RECF7601S14KW10,RECF7601S14KW10,"14KT""BENCHMARK""  GOLD BAND 6MM",RECF7601S14KW10,BENCHMARK,1,"1,137.00","5,117.00","3,217.00","1,900.00",DBC-GM,GOLD BANDS,DESIGNER,14KT,10,
OF-543,7/3/2026,204570Y,ER-LGE+RBC0.50-38,"14KT""NOVELLO-COLLECTION""  AGI CERT LABGROWN DIAMOND RBC 4-PRONG SOLITAIRE STUDS",ER-LGE+RBC0.50,SNFLR,1,111,"1,499.00",899.01,599.99,VJ-DEER,EARRINGS,NOVELLO,SOL STUDS,0.50 LESS,
SA-10292028,7/3/2026,133850R,CO-90527XXX8X-2,"18KT""OVANI-COLLECTION""  PC CHANNEL BAND",CO-90527XXX8X,IBG,1,"1,458.00","16,499.00","12,987.00","3,512.00",VJ-SAL,GENTS RING,OVANI GENT,,,
SA-10292028,7/3/2026,232262,MV055W,"14KT""NOVELLO-COLLECTION""  LABGROWN DIAMOND ROUND PRONG BAND",MV055W,VSU,1,584,"6,599.00","4,899.00","1,700.00",VJ-SAL,LADYS RING,NOVELLO,14KT,7,
FA-10291307,7/5/2026,166864,R12413503,RADO ORIGINAL WATCH,R12413503,SWATCH GROUP RADO,1,770,"1,400.00",140,"1,260.00",VJ-VAL,RADO,WATCH,MENS,AUTOMATIC,
CH-10002317,7/5/2026,228375-24,KTN190108H,"SS""LINKNLOCK"" CUBAN CHAIN",KTN190108H,KRMA,1,14,79,0,79,VJ-CHAND,SS CHAIN,LINKNLOCK,,CUBAN,
SA-10292040,7/5/2026,240663,R586,14k Two-tone with White Rhodium Our Lady of Guadalupe Ring,R586,QUALITY GOLD,1,281.8,"2,699.00","1,812.00",887,VJ-SAL,LADYS RING,GOLD JEWL,,6,
PB-10291455,7/3/2026,240801V,MHS00024BR-2,SILVER LABGROWN DIAMOND LINKNLOCK VERMEIL PLATED CUBAN BRACELET (NO WARRANTY),MHS00024BR,MHVR,1,615,"3,599.00",249,"3,350.00",VJ-PB,MENS BRCLT,LINKNLOCK,,CUBAN,
CH-10002290,7/2/2026,198200,TR-1098-2,TUNGSTEN SATIN FINISH BAND 8MM,TR-1098,JD,1,10,299,150,149,VJ-CHAND,TUNGS BAND,,,8,
VM-10293060,7/4/2026,232365,MV014W-7,"14KT""OVANI-COLLECTION""  IGI CERT LABGROWN DIAMOND ROUND BRIDAL RING",MV014W,VSU,1,706,"8,995.00","6,882.58","2,112.42",VJ-MOD,LADYS RING,OVANI,14KT,7,
VE-10293563,7/2/2026,129154,RA-2242-N9-J14,"14KT""DIANI-COLLECTION""  RNR BAND",RA-2242-N9-J14,HRSH,1,"1,263.00","14,995.00","11,358.64","3,636.36",VJ-EAST,LADYS RING,DIANI,14KT,7,
VE-10293597,7/5/2026,CF15630914KW10,CF15630914KW10,"14KT""BENCHMARK""  GOLD BAND 6MM",CF15630914KW10,BENCHMARK,1,"1,137.00","5,117.00","2,981.68","2,135.32",VJ-EAST,GOLD BANDS,DESIGNER,14KT,10,
VE-10293597,7/5/2026,170443,MZMM01234FRPTW,"PLATINUM""OVANI-COLLECTION""  BAND",MZMM01234FRPTW,JLX,1,399,"5,299.00","4,252.50","1,046.50",VJ-EAST,LADYS RING,OVANI,AB,,
ST-10292309,7/2/2026,174503,YG1699,14KY SPRING RING CLASP STANDARD WEIGHT,YG1699,QUALITY GOLD,1,13,40,0,40,DBC-STOCK,TRAY,,,,
VR-102291072,7/3/2026,231495-26,UKP0100-2-12,10KT YELLOW-GOLD HLW D/C ROPE CHAIN,UKP0100-2,SFCO/KGS,1,"2,511.00","12,555.00","7,555.00","5,000.00",VJ-ROSE,GOLD CHAIN,GOLD JEWL,10KT,26,
VI-10292546,7/3/2026,239134-18,GC050-2,"10KT ""ULTIMATE VALUE"" 2TONE-GOLD D/C VALENTINO CHAIN (NO WARRANTY)",GC050,OX,1,254,389,0,389,VJ-VICTOR,GOLD CHAIN,GOLD JEWL,10KT,18,
VL-10291037,7/5/2026,240462,DATEJUST-TT-41MM-NW-43,PRE-OWNED ROLEX 41MM TT WHITE DIAMOND DIAL DATEJUST OYSTER PERPETUAL WATCH,DATEJUST-TT-41MM-NW,IWJG,1,"10,300.00","56,995.00","33,915.00","23,080.00",VJ-LIV,ROLEX,WATCH,MENS,41,
VI-10292542,7/2/2026,3601247,3601247,MOVADO WATCH,3601247,MOVADO,1,830,"1,595.00",445.57,"1,149.43",VJ-VICTOR,MOVADO,WATCH,MENS,AUTOMATIC,
VO-10292188,7/1/2026,209994,L37304966,LONGINES WATCH,L37304966,SWATCH GROUP LONGINES,1,605,"1,100.00",190.91,909.09,VJ-OAK,LONGINES,WATCH,MENS,,
IN-10291084,7/4/2026,104941,TR-119-4,TUNGSTEN CARBIDE BAND,TR-119,JD,1,15,299,149,150,VJ-INLND,TUNGS BAND,,,7,
PB-10291451,7/3/2026,238837Y,ANAF0041,"10KT""ETERNAL VOW""  LABGROWN DIAMOND INFINITY RINGS",ANAF0041,INFN,1,88,"1,199.00",784,415,VJ-PB,LADYS RING,,10KT,7,
FA-10291291,7/2/2026,SLCF14014KY09,SLCF14014KY09,"14KT""BENCHMARK"" SUPER LIGHT GOLD BAND 4MM",SLCF14014KY09,BENCHMARK,1,367,"1,652.00",802,850,VJ-VAL,GOLD BANDS,PLAIN,14KT,9,
AR-10291942,7/1/2026,197911-20,UKHI000100-2-11,14KT YELLOW-GOLD HLW MIAMI CUBAN CHAIN,UKHI000100-2,KGS,1,594,"2,970.00","1,970.00","1,000.00",VJ-ARDN,GOLD CHAIN,GOLD JEWL,14KT,20,
VE-10293564,7/2/2026,216285Y,JNY3412-55FW70-4,"14KT""LABGROWN DIAMOND""  ENHANCER RING",JNY3412-55FW70,JLX,1,421,"5,199.00","3,926.27","1,272.73",VJ-EAST,LADYS RING,NOVELLO,ENHANCER,7,
VI-10292535,7/1/2026,215451,14P1846Y,14KT YELLOW-GOLD PRAYING ANGEL PENDANT (NO WARRANTY),14P1846Y,SAF,1,414,"2,070.00","1,020.00","1,050.00",VJ-VICTOR,GOLD PNDTS,GOLD JEWL,14KT,,
ON-10292091,7/4/2026,236288Y,D64-1,10KT”AANIKA.V”  EMERALD 1.00CT PAPERCLIP DANGLING 2-PCS EARRINGS,D64,GMS,1,594,"6,599.00","5,495.55","1,103.45",VJ-ONT,BE,AANIKA.V,EMERALD,BIRTHSTONE,
IN-10291077,7/3/2026,164098,18KT-GKVB000458-1-2,18KT ROSE-GOLD BEAD CHAIN,18KT-GKVB000458-1,KGS,1,"1,136.00","5,680.00","3,704.29","1,975.71",VJ-INLND,GOLD CHAIN,GOLD JEWL,18KT,18,
IN-10291077,7/3/2026,231620V,MV065-SL-1,"SILVER""LAB-GROWN"" DIAMOND ULTIMATE VALUE TENNIS BRACELET VERMEIL PLATED (NO WARRANTY)",MV065-SL,VSU,1,297,599,0,599,VJ-INLND,LADYS BRCL,NOVELLO,UV,,
IN-10291083,7/4/2026,SLCF16014KY08,SLCF16014KY08,"14KT""BENCHMARK""  SUPER LIGHT GOLD BAND 6MM",SLCF16014KY08,BENCHMARK,1,517,"2,327.00","1,407.46",919.54,VJ-INLND,GOLD BANDS,PLAIN,14KT,8,
PA-10001356,7/1/2026,234131,NUGGET.G.STUDS-7,10KT YELLOW-GOLD HEART NUGGET STUDS EARRINGS (NO WARRANTY),NUGGET.G.STUDS-7,SAF,1,122,610,310,300,VJ-PALM,GOLD HOOPS,GOLD JEWL,10K,NUGGET,
VR-102291077,7/4/2026,218701Y,3513:27888:S,14K YELLOW MEDIUM WEIGHT FRICTION EARRING BACK - 5.5MM,3513:27888:S,TCI,2,14,180,40,140,VJ-ROSE,TRAY,,,,
NO-10001219,7/2/2026,218861,RDL20616A-1,"18KT""OVANI-FUSION""  IGI CERT LABGROWN DIAMOND CNTR ROUND HALO BRIDAL RING",RDL20616A,GM,1,"1,839.00","23,995.00","19,621.42","4,373.58",VJ-NORTH,LADYS RING,OVANIFUSIO,18KT,6.5,
AR-10291956,7/5/2026,234126,NUGGET.G.STUDS-1,10KT YELLOW-GOLD NUGGET STUDS EARRINGS (NO WARRANTY),NUGGET.G.STUDS-1,SAF,1,97,485,232.13,252.87,VJ-ARDN,GOLD HOOPS,GOLD JEWL,10K,NUGGET,
VM-10293049,7/3/2026,RECF7801SPT13,RECF7801SPT13,"PLAT""OVANI-BY-BENCHMARK""  BAND 7.5MM",RECF7801SPT13,BENCHMARK,1,"2,013.00","9,059.00","2,721.75","6,337.25",VJ-MOD,GOLD BANDS,DESIGNER,PLAT,13,
ON-10292082,7/2/2026,196614,L38124932,LONGINES SPIRIT ZULU TIME WATCH,L38124932,SWATCH GROUP LONGINES,1,"1,760.00","3,450.00",400,"3,050.00",VJ-ONT,LONGINES,WATCH,MENS,,
ST-10292316,7/3/2026,224432-20,CRB 160 8L-2,"SILVER ""LINKNLOCK"" SNAKE CHAIN ( NO WARRANTY )",CRB 160 8L,COAR,1,17,119,9.83,109.17,DBC-STOCK,SLVR CHAIN,LINKNLOCK,-,20,
DB-10000010,7/2/2026,235640S,MPD00601303,"SILVER LABGROWN DIAMOND LOVE-SPELL  INITIAL ""B""  PENDANT",MPD00601303,MHVR,1,35,179,0,179,VJ-DEER,PENDANT,LOVE,,INITIAL,
VM-10293051,7/3/2026,239801Y,JRS90601HG4WX1WQ4-43,"14KT""NOVELLO-COLLECTION""  IGI CERT LABGROWN DIAMOND OVAL BRIDAL SET",JRS90601HG4WX1WQ4,KMA,1,"1,459.00","22,995.00","16,096.57","6,898.43",VJ-MOD,LADYS RING,NOVELLO,14KT,7,
AR-10291940,7/1/2026,228328,STP3051-G,"SS""LINKNLOCK"" CRUCIFIX CROSS PENDANT",STP3051-G,KRMA,1,12,69,2.38,66.62,VJ-ARDN,SS PNDTS,LINKNLOCK,-,CROSS,
VE-10293562,7/2/2026,233504,RP1499YR,14KT”AANIKA.V”  RUBY 1.00CT CROSS PENDANT,RP1499YR,RCN,1,529,"5,995.00","4,463.82","1,531.18",VJ-EAST,BP,AANIKA.V,RUBY,BIRTHSTONE,
VE-10293574,7/3/2026,228486-24,1TN0W251657A001,"SS""LINKNLOCK"" BOX CHAIN",1TN0W251657A001,KRMA,1,12,69,0,69,VJ-EAST,SS CHAIN,LINKNLOCK,-,24,
VE-10293574,7/3/2026,228321,KTP180169-A,"SS""LINKNLOCK"" CZ CROSS PENDANT",KTP180169-A,KRMA,1,13,79,0,79,VJ-EAST,SS PNDTS,LINKNLOCK,-,CROSS,
VS-10291898,7/5/2026,224359-18,GRD 060 6L,"SILVER ""LINKNLOCK"" DOUBLE CURB CHAIN ( NO WARRANTY )",GRD 060 6L,COAR,1,38,190,0,190,VJ-SERRA,SLVR CHAIN,LINKNLOCK,-,18,
HE-10001373,7/5/2026,216488,TR-779-1,TUNGSTEN CARBIDE BAND 8MM,TR-779,JD,1,15,299,149,150,VJ-HEND,TUNGS BAND,,,10,
FA-10291312,7/5/2026,214921-8,14C304Y-2,14KT TRICOLOR-GOLD D/C SOLID VALENTINO BRACELET (NO WARRANTY),14C304Y,SAF,1,784,"3,920.00","2,302.36","1,617.64",VJ-VAL,GOLD ID,GOLD JEWL,14KT,8,
FA-10291312,7/5/2026,237360-24,CPA100-2,"10KT ""ULTIMATE VALUE"" YELLOW-GOLD D/C CURB CHAIN",CPA100,OX,1,857,"1,239.00",83.9,"1,155.10",VJ-VAL,GOLD CHAIN,GOLD JEWL,UV,24,
VI-10292540,7/1/2026,231703Y,MEMO-EVPC-0379VA44W0BC-1,"10KT""BELLA.BY.OVANI""  LABGROWN DIAMOND CROSS PENDANT",MEMO-EVPC-0379VA44W0BC,HRSH,1,248,"2,799.00","2,169.23",629.77,VJ-VICTOR,PENDANT,BELLA OVAN,10KT,CROSS,
VI-10292540,7/1/2026,237365-18,ST025-1,"10KT ""ULTIMATE VALUE"" YELLOW-GOLD D/C SINGAPORE CHAIN (NO WARRANTY)",ST025,OX,1,118,209,0,209,VJ-VICTOR,GOLD CHAIN,GOLD JEWL,UV,18,
VF-10292717,7/4/2026,042429587779,96A270,BULOVA SURVEYOR WATCH,96A270,BULOVA,1,249.37,525,75,450,VJ-FRE,BULOVA,WATCH,MENS,AUTOMATIC,
VB-10291252,7/5/2026,234957,774-00162-1,"10KT""OROVENTI"" 2TONE-GOLD CZ CROSS PENDANT (NO WARRANTY)",774-00162,SFCO,1,283,919,284.89,634.11,VJ-BAKER,GOLD PNDTS,OROVENTI,10KT,CROSS,
VB-10291252,7/5/2026,224197Y,EVRM-0921VA44W4-1,"14KT""NOVELLO-COLLECTION""  LABGROWN DIAMOND ROUND CHANNEL SET BAND",EVRM-0921VA44W4,HRSH,1,"1,786.00","19,995.00","16,798.80","3,196.20",VJ-BAKER,GENTS RING,NOVELLO,14KT,10,
VB-10291252,7/5/2026,239129-22,TD060-1,"10KT ""ULTIMATE VALUE"" YELLOW-GOLD D/C ROPE CHAIN",TD060,OX,1,"1,226.00","1,839.00",588.48,"1,250.52",VJ-BAKER,GOLD CHAIN,GOLD JEWL,10KT,22,
AT-10290434,7/5/2026,193706,EVNM-0858VA44W4,"14KT""NOVELLO-COLLECTION""  LABGROWN DIAMOND 5STONE NECKLACE",EVNM-0858VA44W4,HRSH,1,"1,331.00","14,995.00","11,995.00","3,000.00",VJ-S.ANITA,FANCY NECK,NOVELLO,14KT,,
AT-10290434,7/5/2026,232155Y,EVBT-2465VA44W0-1,"10KT""NOVELLO-COLLECTION""  LABGROWN DIAMOND TENNIS BRACELET",EVBT-2465VA44W0,HRSH,1,"1,291.00","14,995.00","12,095.00","2,900.00",VJ-S.ANITA,LADYS BRCL,NOVELLO,TENNIS,7,
AT-10290434,7/5/2026,214083,214083,"14KT""NOVELLO-COLLECTION"" IGI CERT LABGROWN DIAMOND SOLITAIRE RING",LGE+PC2.00,VSU,1,724,"9,995.00","8,081.87","1,913.13",VJ-S.ANITA,LADYS RING,NOVELLO,SOL RING,2.00 CARAT,
AT-10290434,7/5/2026,198094WY,SFRG094-1,"10KT""UV-NOVELLO""  LABGROWN DIAMOND 3-ROW GENTS RING",SFRG094,SNFLR,1,653,"7,299.00","5,799.00","1,500.00",VJ-S.ANITA,GENTS RING,NOVELLO,UV,10,
VM-10293036,7/1/2026,227573-6,000-09945-4,14KT YELLOW-GOLD MOTHER MARY PAVE FIGARO BABY ID BRACELET (NO WARRANTY),000-09945-4,SFCO,1,325,"1,625.00",0,"1,625.00",VJ-MOD,GOLD ID,GOLD JEWL,-,6,
FA-10291294,7/3/2026,157124,UKHH000072-2,14KT YELLOW-GOLD HLW MIAMI CUBAN CHAIN,UKHH000072-2,KGS,1,"2,173.00","10,865.00","7,046.82","3,818.18",VJ-VAL,GOLD CHAIN,GOLD JEWL,14KT,22,
SA-10292042,7/5/2026,239673V,JPS50840SS2WXLBXX-1,SILVER LABGROWN DIAMOND LOVE-SPELL VERMEIL PLATED BUTTERFLY NECKLACE ( NO WARRANTY ),JPS50840SS2WXLBXX,KMA,1,55,219,0,219,VJ-SAL,FANCY NECK,LOVE,,,
VM-10293038,7/1/2026,169399,UKHI000100-2-5,14KT YELLOW-GOLD HLW CURB CHAIN (NO WARRANTY),UKHI000100-2,KGS,1,482,"2,410.00","1,192.60","1,217.40",VJ-MOD,GOLD CHAIN,GOLD JEWL,14KT,16,
VI-10292563,7/5/2026,237213,MV197W-3,"14KT""OVANI-COLLECTION""  IGI CERT LABGROWN DIAMOND HIDDEN HALO MARQUISE BRIDAL SET",MV197W,VSU,1,"1,622.00","23,995.00","18,753.62","5,241.38",VJ-VICTOR,LADYS RING,OVANI,14KT,7,
AR-10291955,7/4/2026,216221Y,RPAB3/4-14,"14KT""LABGROWN DIAMOND""  ROUND-PRONG ANNIVERSARY BAND",RPAB3/4,JLX,1,399,"4,399.00","3,069.00","1,330.00",VJ-ARDN,LADYS RING,NOVELLO,AB,7,
AR-10291955,7/4/2026,SLCF15014KY11,SLCF15014KY11,"14KT""BENCHMARK"" SUPER LIGHT GOLD BAND 5MM",SLCF15014KY11,BENCHMARK,1,465,"2,093.00",998,"1,095.00",VJ-ARDN,GOLD BANDS,PLAIN,14KT,11,
IN-10291085,7/4/2026,208806,R32136323,RADO WATCH,R32136323,SWATCH GROUP RADO,1,"1,622.50","2,950.00",500,"2,450.00",VJ-INLND,RADO,WATCH,MENS,AUTOMATIC,
GM-10292998,7/4/2026,236504Y,JRS920650-11,"14KT""NOVELLO-COLLECTION""  IGI CERT LABGROWN DIAMOND OVAL BRIDAL SET",JRS920650,KMA,1,"1,295.00","19,995.00","14,643.99","5,351.01",DBC-GM,LADYS RING,NOVELLO,14KT,7,
SA-10292027,7/2/2026,232794,LT5-516,10KT TRICOLOR-GOLD CZ LADY OF GUADALUPE PENDANT ( NO WARRANTY ),LT5-516,TRCO,1,211,"1,055.00",580.25,474.75,VJ-SAL,GOLD PNDTS,GOLD JEWL,10KT,,
SA-10292027,7/2/2026,214925-8,14C306Y,14KT TRICOLOR-GOLD SOLID D/C VALENTINO BRACELET (NO WARRANTY),14C306Y,SAF,1,392,"1,960.00","1,078.00",882,VJ-SAL,GOLD ID,GOLD JEWL,14KT,8,
GM-10292996,7/4/2026,224439-26,CMM 040 8L-4,"SILVER ""LINKNLOCK"" D/C ROPE CHAIN ( NO WARRANTY )",CMM 040 8L,COAR,1,44,264,24,240,DBC-GM,SLVR CHAIN,LINKNLOCK,-,26,
GM-10292982,7/1/2026,209300Y,UPF02380-050-COMP,"22KT""OVANI22""  ROUND BAGUETTE PENDANT",UPF02380-050-COMP,GM,1,"2,050.00","24,995.00","18,062.13","6,932.87",DBC-GM,PENDANT,OVANI,22KT,,
GM-10292982,7/1/2026,236308,DATEJUST-TT-26MM-OLD-46,PRE-OWNED ROLEX TT 26MM CHAMPAGNE DATEJUST OYSTER PERPETUAL WATCH,DATEJUST-TT-26MM-OLD,APAN,1,"4,050.00","24,995.00","14,997.00","9,998.00",DBC-GM,ROLEX,WATCH,WOMEN,26,
VF-10292720,7/4/2026,7.31903E+11,YA1265030,GUCCI WATCH,YA1265030,GUCCI GROUP WATCHES.,1,852,"1,550.00",442.48,"1,107.52",VJ-FRE,GUCCI,WATCH,WOMEN,,
CH-10002316,7/5/2026,227166V,CO-MRF07001036-1,SILVER LABGROWN DIAMOND LOVE-SPELL VERMEIL INFINITY LADYS RING ( NO WARRANTY ),CO-MRF07001036,MHVR,1,78,349,0,349,VJ-CHAND,LADYS RING,LOVE,"""--""",7,
VR-102291074,7/3/2026,166864,R12413503,RADO ORIGINAL WATCH,R12413503,SWATCH GROUP RADO,1,770,"1,400.00",155,"1,245.00",VJ-ROSE,RADO,WATCH,MENS,AUTOMATIC,
NO-10001224,7/5/2026,217871,MRF02000218-6,"14KT""LABGROWN DIAMOND""  PROMISE RING",MRF02000218,MHVR,1,166,"1,899.00","1,535.45",363.55,VJ-NORTH,LADYS RING,NOVELLO,ETERNAL-VOW,7,
VM-10293048,7/3/2026,212981,R214146WSM063-COMP-3,"14KT""NOVELLO-COLLECTION""  IGI CERT LABGROWN DIAMOND OVAL BRIDAL RING",R214146WSM063-COMP,PNT,1,760,"9,999.00","6,499.35","3,499.65",VJ-MOD,LADYS RING,NOVELLO,14KT,,
VR-102291076,7/3/2026,224451-24,CMM 050 8L-5,"SILVER ""LINKNLOCK"" ROPE CHAIN",CMM 050 8L,COAR,1,71,284,50,234,VJ-ROSE,SLVR CHAIN,LINKNLOCK,-,24,
HE-10001365,7/4/2026,174509,YG2855,14KY 4.5MM ROUND JUMP RING,YG2855,QUALITY GOLD,1,13,42,0,42,VJ-HEND,TRAY,,,,
HE-10001365,7/4/2026,176678,JBPC000002-2-1,14KY LOBSTER-LOCK  W/ JUMP RING CLASP,JBPC000002-2,QUALITY GOLD,1,79,246.75,0,246.75,VJ-HEND,TRAY,,,,
IN-10291073,7/3/2026,223395Y,MRF02500381-4,"10KT""LABGROWN DIAMOND""  CUSHION-SHAPE PROMISE RING",MRF02500381,MHVR,1,190,"2,199.00","1,812.79",386.21,VJ-INLND,LADYS RING,NOVELLO,ETERNAL-VOW,7,
AR-10291949,7/3/2026,228256-24,CMM 100 8L-5,"SILVER ""LINKNLOCK"" D/C ROPE CHAIN ( NO WARRANTY )",CMM 100 8L,COAR,1,333,"1,332.00",432.69,899.31,VJ-ARDN,SLVR CHAIN,LINKNLOCK,-,24,
AR-10291949,7/3/2026,229136,50 PESOS BEZEL-7,"""LINKNLOCK"" 50-PESOS SILVER COIN, SILVER BEZEL PENDANT",50 PESOS BEZEL,DNY,1,158,713,233,480,VJ-ARDN,SILVER PDT,LINKNLOCK,-,50PESOS,
PA-10001354,7/1/2026,231622S,MV066-SL,"SILVER""LAB-GROWN"" DIAMOND ULTIMATE VALUE HOOPS",MV066-SL,VSU,1,126,299,0,299,VJ-PALM,EARRINGS,NOVELLO,UV,HOOPS,
GM-10292990,7/3/2026,169361Y,JNB2563-55FW70-1,14KT ENHANCER,JNB2563-55FW70,JLX,1,737,"8,995.00","7,268.60","1,726.40",DBC-GM,LADYS RING,,ENHANCER,,
VI-10292536,7/1/2026,222746,NUGGET-G.HOOPS-5,10KT YELLOW-GOLD CZ ROUND NUGGET EARRINGS (NO WARRANTY),NUGGET-G.RING,SAF,1,130,650,397.13,252.87,VJ-VICTOR,GOLD HOOPS,GOLD JEWL,10KT,,
AT-10290428,7/4/2026,225256-26,G 090 2L-6,"SILVER ""LINKNLOCK"" CURB CHAIN",G 090 2L,COAR,1,87,348,162.48,185.52,VJ-S.ANITA,SLVR CHAIN,LINKNLOCK,-,26,
VI-10292553,7/5/2026,231509-24,UKHG000034-12-16,10KT YELLOW-GOLD HLW MIAMI CUBAN CHAIN,UKHG000034-12,SFCO/KGS,1,"2,981.00","14,905.00","8,025.92","6,879.08",VJ-VICTOR,GOLD CHAIN,GOLD JEWL,10KT,24,
GM-10292984,7/2/2026,240601,RR9568W,10KT”LABGROWN DIAMOND”  LAB CREATED B. SAPPHIRE  MENS RING,RR9568W,RCN,1,"1,118.00","9,499.00","6,589.90","2,909.10",DBC-GM,GENTS RING,B STONE,B SAPPHIRE,BIRTHSTONE,
AR-10291946,7/2/2026,181494Y,MPD10000265-2,"18KT""OVANI-COLLECTION""  PENDANT",MPD10000265,MHVR,1,753,"8,999.00","7,469.17","1,529.83",VJ-ARDN,PENDANT,OVANI,,,
AR-10291946,7/2/2026,181491Y,MER09500111-2,"18KT""OVANI-COLLECTION"" EARRINGS",MER09500111,MHVR,1,585,"6,999.00","5,770.21","1,228.79",VJ-ARDN,EARRINGS,OVANI,,,
FA-10291304,7/4/2026,239079,ER-LGE+PC3.00-51,"14KT""NOVELLO-COLLECTION""  IGI CERT LABGROWN DIAMOND PC SOLITAIRE STUDS",ER-LGE+PC3.00,KRA,1,553,"10,995.00","8,085.91","2,909.09",VJ-VAL,EARRINGS,NOVELLO,SOL STUDS,3.00 CARAT,
DB-10000007,7/1/2026,237318Y,EVEBS025VK5W0-1,"10KT""UV-NOVELLO"" LABGROWN DIAMOND RBC SOLITIARE STUDS",EVEBS025VK5W0,HRSH,1,77,899,695.6,203.4,VJ-DEER,EARRINGS,NOVELLO,SOL STUDS,0.50 LESS,
VI-10292537,7/1/2026,223537Y,JRS90653FG4WXENQ4-12,"14KT""NOVELLO-COLLECTION""  IGI CERT  LABGROWN DIAMOND MARQUISE BRIDAL SET",JRS90653FG4WXENQ4,KMA,1,986,"12,995.00","10,696.15","2,298.85",VJ-VICTOR,LADYS RING,NOVELLO,14KT,7,
VE-10293582,7/4/2026,209940,RL239932WCN,"14KT""NOVELLO-COLLECTION""  LABGROWN DIAMOND ROUND-PRONG ANNIVERSARY BAND",RL239932WCN,PNT,1,227,"2,599.00","1,561.36","1,037.64",VJ-EAST,LADYS RING,NOVELLO,AB,7,
PB-10291450,7/2/2026,238688,238688,"14KT""NOVELLO-COLLECTION"" IGI CERT LABGROWN DIAMOND SOLITAIRE RING",LGE+OVA1.00,KRA,1,356,"6,995.00","4,880.06","2,114.94",VJ-PB,LADYS RING,NOVELLO,SOL RING,1.00 CARAT,
VE-10293552,7/1/2026,229602,DATEJUST-SS-26MM-OLD-DB-03,PRE-OWNED ROLEX SS 26MM BLACK AFTERMARKET LAB GROWN DIAMOND BEZEL & DIAL  DATEJUST OYSTER PERPETUAL,DATEJUST-SS-26MM-OLD-DB,BMJ,1,"2,308.00","11,995.00","7,228.62","4,766.38",VJ-EAST,ROLEX,WATCH,WOMEN,26,
PA-10001363,7/4/2026,207876,SFRG172,"10KT""UV-NOVELLO""  LABGROWN DIAMOND RBC BRIDAL RING",SFRG172,SNFLR,1,400,"4,499.00","3,510.24",988.76,VJ-PALM,LADYS RING,NOVELLO,UV,7,
PB-10291452,7/3/2026,228382-26,1TN0W242269B001,"SS""LINKNLOCK"" CUBAN CHAIN",1TN0W242269B001,KRMA,1,15,89.21,0.01,89.2,VJ-PB,SS CHAIN,LINKNLOCK,-,CUBAN,
FA-10291306,7/5/2026,118921,TR-211-5,TUNGSTEN CARBIDE BAND 8MM,TR-211,JD,1,12,299,100,199,VJ-VAL,TUNGS BAND,,,10,
VI-10292560,7/5/2026,0608067,0608067,MOVADO MUSEUM CLASSIC,0608067,MOVADO,1,"1,040.00","1,995.00",636.84,"1,358.16",VJ-VICTOR,MOVADO,WATCH,WOMEN,BATTERY,
VM-10293053,7/3/2026,238390,DATEJUST-SS-36MM-NW-11,PRE-OWNED ROLEX 36MM SS BLACK DATEJUST OYSTER PERPETUAL WATCH,DATEJUST-SS-36MM-NW,REI,1,"5,350.00","33,995.00","23,938.06","10,056.94",VJ-MOD,ROLEX,WATCH,MENS,36,
VM-10293054,7/3/2026,216219,RPAB1/2-7,"14KT""LABGROWN DIAMOND""  ROUND-PRONG ANNIVERSARY BAND",RPAB1/2,JLX,1,349,"3,899.00","2,775.13","1,123.87",VJ-MOD,LADYS RING,NOVELLO,AB,7,
VM-10293054,7/3/2026,042429542143,97D108,BULOVA WATCH,97D108,BULOVA,1,249.37,525,102.52,422.48,VJ-MOD,BULOVA,WATCH,MENS,BATTERY,
VM-10293066,7/5/2026,14014KR07,14014KR07,"14KT""BENCHMARK""  GOLD BAND 4MM",14014KR07,BENCHMARK,1,356,"1,602.00",792.85,809.15,VJ-MOD,GOLD BANDS,PLAIN,14KT,7,
SA-10292033,7/5/2026,217857,MRF03500378-3,"10KT""LABGROWN DIAMOND""  HEART SHAPE PROMISE RING",MRF03500378,MHVR,1,199,"2,299.00","1,932.87",366.13,VJ-SAL,LADYS RING,NOVELLO,ETERNAL-VOW,HEART,
IN-10291087,7/4/2026,232737,CRUZX-06,10KT YELLOW-GOLD CROSS PENDANT ( NO WARRANTY ),CRUZX-06,TRCO,1,49,245,145,100,VJ-INLND,GOLD PNDTS,GOLD JEWL,10KT,CROSS,
IN-10291087,7/4/2026,237339-18,GC060,"10KT ""ULTIMATE VALUE"" 2TONE-GOLD D/C VALENTINO CHAIN (NO WARRANTY)",GC060,OX,1,376,539,0,539,VJ-INLND,GOLD CHAIN,GOLD JEWL,UV,18,
FA-10291299,7/4/2026,220807,GMT MASTER II-40MM-9,PRE-OWNED ROLEX 40MM TT BLACK GMT MASTER II DATE OYSTER PERPETUAL WATCH,GMT MASTER II-40MM,JHJ,1,"9,150.00","45,995.00","29,267.73","16,727.27",VJ-VAL,ROLEX,WATCH,MENS,40,
DB-10000012,7/2/2026,105089,TR-006-6,TUNGSTEN CARBIDE BAND 6MM,TR-006,JD,1,12,299,200,99,VJ-DEER,TUNGS BAND,,,8,
VS-10291890,7/3/2026,234947,540-00013-ST.CHIRSTOPHER-1,"10KT""OROVENTI"" YELLOW-GOLD ST. CHRISTOPHER ROUND PENDANT",540-00013-ST.CHIRSTOPHER,SFCO,1,154,599,0,599,VJ-SERRA,GOLD PNDTS,OROVENTI,10KT,,
VS-10291890,7/3/2026,SLCF13014KY04,SLCF13014KY04,"14KT ""BENCHMARK"" SUPER LIGHT GOLD BAND 3MM",SLCF13014KY04,BENCHMARK,1,222,999,500,499,VJ-SERRA,GOLD BANDS,PLAIN,14KT,4,
VE-10293599,7/5/2026,234896,DATEJUST-TT-26MM-OLD-DB-151,PRE-OWNED ROLEX TT 26MM CHAMPAGNE AFTERMARKET DIAMOND BEZEL & DIAL DATEJUST OYSTER PERPETUAL WATCH,DATEJUST-TT-26MM-OLD-DB,BANC,1,"2,300.00","14,995.00","7,795.00","7,200.00",VJ-EAST,ROLEX,WATCH,WOMEN,26,
ON-10292079,7/1/2026,216306Y,JWR2919-55FW70-4,"14KT""LABGROWN DIAMOND""  ENHANCER RING",JWR2919-55FW70,JLX,1,287,"3,599.00","2,864.29",734.71,VJ-ONT,LADYS RING,NOVELLO,CHEVRON,7,
ON-10292079,7/1/2026,150994,TR-085-8,TUNGSTEN CARBIDE  BAND,TR-085,JD,1,12,399,216.01,182.99,VJ-ONT,TUNGS BAND,,,14,
VI-10292548,7/4/2026,SLCF16014KY12,SLCF16014KY12,"14KT""BENCHMARK""  SUPER LIGHT GOLD BAND 6MM",SLCF16014KY12,BENCHMARK,1,601,"2,705.00","1,711.90",993.1,VJ-VICTOR,GOLD BANDS,PLAIN,14KT,12,
PA-10001359,7/3/2026,SLCF16014KY09,SLCF16014KY09,"14KT""BENCHMARK"" SUPER LIGHT GOLD BAND 6MM",SLCF16014KY09,BENCHMARK,1,538,"2,421.00","1,499.65",921.35,VJ-PALM,GOLD BANDS,PLAIN,14KT,9,
PA-10001359,7/3/2026,SLCF15014KY08,SLCF15014KY08,"14KT""BENCHMARK"" SUPER LIGHT GOLD BAND 5MM",SLCF15014KY08,BENCHMARK,1,415,"1,868.00","1,126.43",741.57,VJ-PALM,GOLD BANDS,PLAIN,14KT,8,
VF-10292707,7/1/2026,207015,R32259323,RADO WATCH,R32259323,SWATCH GROUP RADO,1,"1,100.00","2,000.00",200,"1,800.00",VJ-FRE,RADO,WATCH,MENS,BATTERY,
VE-10293581,7/4/2026,203372,JNX2961SZ-01EW70,"18KT""OVANI-COLLECTION""  CZ CNTR INFINITY SEMIMOUNT RING",JNX2961SZ-01EW70,JLX,1,"1,194.00","13,499.00","8,368.09","5,130.91",VJ-EAST,LADYS RING,OVANI,SEMIMOUNT,7,
CH-10002310,7/4/2026,SLCF15014KY08,SLCF15014KY08,"14KT""BENCHMARK"" SUPER LIGHT GOLD BAND 5MM",SLCF15014KY08,BENCHMARK,1,415,"1,868.00",818,"1,050.00",VJ-CHAND,GOLD BANDS,PLAIN,14KT,8,
GM-10293001,7/5/2026,220034,475-00873-5,"14KT""OROVENTI"" YELLOW-GOLD RED CZ HOOPS (NO WARRANTY)",475-00873,SFCO,1,169,549,0,549,DBC-GM,GOLD HOOPS,OROVENTI,14KT,,
VS-10291887,7/2/2026,236629Y,MV232W-17,"14KT""OVANI-COLLECTION""  IGI CERT LABGROWN DIAMOND HIDDEN HALO PEAR STUDS EARRINGS",MV232W,VSU,1,740,"9,599.00","7,414.70","2,184.30",VJ-SERRA,EARRINGS,OVANI,14KT,3.00 CARAT,
VB-10291248,7/4/2026,SLCF14014KY10,SLCF14014KY10,"14KT""BENCHMARK"" SUPER LIGHT GOLD BAND 4MM",SLCF14014KY10,BENCHMARK,1,380,"1,710.00","1,081.82",628.18,VJ-BAKER,GOLD BANDS,PLAIN,14KT,10,
VR-102291068,7/3/2026,196910,L27934732,LONGINES MASTER COLLECTION 190TH ANNIVERSARY,L27934732,SWATCH GROUP LONGINES,1,"1,375.00","2,700.00",194.2,"2,505.80",VJ-ROSE,LONGINES,WATCH,MENS,,
SA-10292022,7/2/2026,224119Y,EVPH-1080VA34W4-1,"14KT""BELLA.BY.OVANI"" LABGROWN DIAMOND HEART PENDANT",EVPH-1080VA34W4,HRSH,1,512,"5,699.00","4,499.00","1,200.00",VJ-SAL,PENDANT,BELLA OVAN,14KT,HEART,
VB-10291253,7/5/2026,238880Y,CRUZ0077,"10KT""BELLA.BY.OVANI""  LABGROWN DIAMOND CROSS PENDANT",CRUZ0077,INFN,1,169,"2,199.00","1,583.28",615.72,VJ-BAKER,PENDANT,BELLA OVAN,10KT,CROSS,
VL-10291023,7/2/2026,233125,EVYRF-0057VA34W4-5,"14KT""BELLA.BY.OVANI""  IGI CERT LABGROWN DIAMOND OCTAGON BRIDAL RING",EVYRF-0057VA34W4,HRSH,1,666,"7,995.00","5,983.29","2,011.71",VJ-LIV,LADYS RING,BELLA OVAN,14KT,7,
HE-10001364,7/4/2026,042429571051,96L276,BULOVA WATCH,96L276,BULOVA,1,213.75,450,72,378,VJ-HEND,BULOVA,WATCH,WOMEN,BATTERY,
VS-10291884,7/1/2026,226019-V,MRF01000992-1,SILVER LABGROWN DIAMOND LOVE-SPELL VERMEIL PROMISE RING ( NO WARRANTY ),MRF01000992,MHVR,1,24,109,0,109,VJ-SERRA,LADYS RING,LOVE,"""--""",7,
ON-10292089,7/3/2026,0607972,0607972,MOVADO WATCH,0607972,MOVADO,1,830,"1,595.00",124,"1,471.00",VJ-ONT,MOVADO,WATCH,MENS,BATTERY,
ON-10292089,7/3/2026,228476-8.5,1TB0G243421C001,"SS""LINKNLOCK"" ROUND FRANCO BRACELET",1TB0G243421C001,KRMA,1,14,79,0,79,VJ-ONT,SS BRCL,LINKNLOCK,-,CUBAN,
FA-10291287,7/1/2026,102530,R12416613,RADO ORIGINAL DIASTAR WATCH,R12416613,SWATCH GROUP RADO,1,770,"1,400.00",140,"1,260.00",VJ-VAL,RADO,WATCH,WOMEN,ORIGINAL,
VS-10291897,7/5/2026,221967,221967,"14KT""NOVELLO-COLLECTION""  IGI CERT LABGROWN DIAMOND SOLITAIRE RING",LGE+PC4.00,KRA,1,874,"18,995.00","14,995.00","4,000.00",VJ-SERRA,LADYS RING,NOVELLO,SOL RING,4.00 CARAT,
VF-10292719,7/4/2026,219999-20,624-00365-1,14KT TRICOLOR-GOLD D/C VALENTINO CHAIN (NO WARRANTY),624-00365,SFCO,1,571,"2,855.00","1,494.97","1,360.03",VJ-FRE,GOLD CHAIN,GOLD JEWL,14KT,20,
VF-10292719,7/4/2026,211964,GOLD-V.MARY-49,14KT YELLOW-GOLD D/C CZ MULTICOLOR VIRGIN MARY OVAL PENDANT (NO WARRANTY),GOLD-V.MARY,AFG,1,134,670,368.75,301.25,VJ-FRE,GOLD PNDTS,GOLD JEWL,14KT,,
HE-10001362,7/3/2026,158195Y,MRF15000558-1,14KT 4ROW GENTS RING,MRF15000558,MHVR,1,"1,733.00","19,499.00","15,103.03","4,395.97",VJ-HEND,GENTS RING,,,,
HE-10001362,7/3/2026,233597Y,JMR058550G4WXENS9-5,"10KT""NOVELLO-COLLECTION""  LABGROWN DIAMOND COMPOSITE RING",JMR058550G4WXENS9,KMA,1,"1,598.00","16,995.00","13,086.85","3,908.15",VJ-HEND,LADYS RING,NOVELLO,10KT,COMPOSITE,
HE-10001363,7/4/2026,231085,RR7469WS,14KT”AANIKA.V”  B. SAPPHIRE 1.00CT BAGUETTE BRIDAL RING,RR7469WS,RCN,1,645,"5,499.00","4,211.86","1,287.14",VJ-HEND,B,AANIKA.V,B SAPPHIRE,BIRTHSTONE,
FA-10291309,7/5/2026,216215Y,RPAB1/4-17,"14KT""LABGROWN DIAMOND""  ROUND-PRONG ANNIVERSARY BAND",RPAB1/4,JLX,1,259,"2,899.00","2,099.00",800,VJ-VAL,LADYS RING,NOVELLO,AB,7,
ST-10292318,7/4/2026,198645,YG2847,14KY 8.0MM ROUND JUMP RING,YG2847,QUALITY GOLD,2,46,280,112,168,DBC-STOCK,TRAY,,,,
VM-10293061,7/4/2026,232372Y,MV014W-14,"14KT""OVANI-COLLECTION""  IGI CERT LABGROWN DIAMOND ROUND BRIDAL RING",MV014W,VSU,1,706,"8,995.00","6,296.50","2,698.50",VJ-MOD,LADYS RING,OVANI,14KT,7,
SA-10292032,7/5/2026,237334,EVEPS075VK5W0,"10KT""UV-NOVELLO"" LABGROWN DIAMOND PC SOLITIARE STUDS",EVEPS075VK5W0,HRSH,1,169,"1,999.00","1,495.57",503.43,VJ-SAL,EARRINGS,NOVELLO,SOL STUDS,0.75 LESS,
VS-10291901,7/5/2026,233681Y,JRX160928-6,"10KT""LABGROWN DIAMOND""  CUSTOM  GENTS RING",JRX160928,KMA,1,"1,246.00","13,995.00","9,796.50","4,198.50",VJ-SERRA,GENTS RING,NOVELLO,10KT,10,
VS-10291901,7/5/2026,223254Y,RL254070LW-1,"14KT""NOVELLO-COLLECTION""  LABGROWN DIAMOND GENTS RING",RL254070LW,PNT,1,"1,311.00","14,499.00","10,149.30","4,349.70",VJ-SERRA,GENTS RING,NOVELLO,14KT,10,
IN-10291076,7/3/2026,233522Y,RE2737YR-2,14KT”AANIKA.V”  RUBY 0.60CT CLOVER STUDS EARRINGS,RE2737YR,RCN,1,340,"3,799.00","2,880.38",918.62,VJ-INLND,BE,AANIKA.V,RUBY,BIRTHSTONE,
ON-10292088,7/2/2026,235841,DATEJUST-TT-36MM-OLD-DB-172,PRE-OWNED ROLEX TT 36MM PINK MOP AFTERMARKET LAB GROWN DIAMOND BEZEL & DIAL,DATEJUST-TT-36MM-OLD-DB,REI,1,"5,131.00","29,995.00","20,064.88","9,930.12",VJ-ONT,ROLEX,WATCH,MENS,36,
FA-10291289,7/1/2026,226981,226981,"14KT""GIA-CERTIFIED""  PC DIAMOND SOLITARE RING",E+PC1.00,ZVR,1,"2,287.00","25,995.00","18,445.00","7,550.00",VJ-VAL,LADYS RING,NATURAL,SOL RING,1.00 CARAT,
FA-10291289,7/1/2026,201612Y,MRF24500716-1,"18KT""OVANI-COLLECTION""  SEMIMOUNT RING",MRF24500716,MHVR,1,"1,200.00","14,995.00","10,578.00","4,417.00",VJ-VAL,LADYS RING,OVANI,SEMIMOUNT,7,
IN-10291090,7/5/2026,232179V,RM8592-93-1,SILVER LABGROWN DIAMOND LOVE-SPELL HALO COMPOSITE SET,RM8592-93,SNFLR,1,371,"1,668.00",338,"1,330.00",VJ-INLND,LADYS RING,LOVE,"""--""",COMPOSITE,
VI-10292551,7/4/2026,236010-8,343-00441-4,"10KT ""OROVENTI"" YELLOW-GOLD FANCY LINK BRACELET",343-00441,SFCO,1,475,"1,544.00",394.58,"1,149.42",VJ-VICTOR,GOLD ID,OROVENTI,10KT,8,
VO-10292201,7/4/2026,187904,RA-4321VA78W4,"14KT""DIANI-COLLECTION""  BAND",RA-4321VA78W4,HRSH,1,"2,342.00","20,995.00","16,880.14","4,114.86",VJ-OAK,LADYS RING,DIANI,14KT,7,
VM-10293032,7/1/2026,SLCF15014KY12,SLCF15014KY12,"14KT""BENCHMARK""  SUPER LIGHT GOLD BAND 5MM",SLCF15014KY12,BENCHMARK,1,481,"2,165.00","1,338.40",826.6,VJ-MOD,GOLD BANDS,PLAIN,14KT,12,
VM-10293040,7/2/2026,209427-26,UKPH100005-3,14KT YELLOW-GOLD D/C SOLID ROPE CHAIN,UKPH100005,KGS,1,"4,704.00","23,520.00","12,920.00","10,600.00",VJ-MOD,GOLD CHAIN,GOLD JEWL,14KT,26,
VS-80161745,7/4/2026,176631,2200-2219,14KT WHITE SCREWBACK EARRING BACK WITH 5.5MM PAD [S],2200-2219,TCI,3,9,150,59.89,90.11,VJ-SERRA,TRAY,,,,
,,,,,,,,,,,,,,,,,
,,,,,,,,,,,,,,,,,1-Jan
